"Tribunal";"Codigo orgao";"Municipio";"UF";"Nome orgao";"Grau";"CP_Feb_2023";"CP_Feb_2024";"%CP";"Sus_Feb_2023";"Sus_Feb_2024";"%Sus";"CN_12_meses";"Tbaix_12_meses";"Desp_12_meses";"DecInc_12_meses";"SentCM_12_meses";"SentSM_12_meses";"ProcSM100_Feb_2024";"Conc100_Feb_2024";"TPSent_12_meses";"TPCPL_Feb_2024";"TCL_Feb_2024";"IAD_12_meses"
"TJRN";5968;"SAO GONCALO DO AMARANTE";"RN";"(INATIVO) 2ª VARA CÍVEL DA COMARCA DE SÃO GONÇALO DO AMARANTE";"G1";"1";"1";"0,0%";"0";"0";;"0";"0";"0";"0";"0";"0";"0";"0";;"31 anos e 11 meses";"100%";
"TJRN";5645;"CEARA-MIRIM";"RN";"(INATIVO) 2ª VARA CÍVEL DA COMARCA DE CEARÁ-MIRIM";"G1";"6";"3";"-50,0%";"1";"1";"0,0%";"0";"0";"0";"0";"0";"0";"1";"0";;"24 anos e 8 meses";"100%";
"TJRN";5984;"JANDUIS";"RN";"(AGREGADA) VARA ÚNICA DA COMARCA DE JANDUÍS";"G1";"1";"1";"0,0%";"0";"0";;"0";"0";"0";"0";"0";"0";"0";"0";;"22 anos e 3 meses";"100%";
"TJRN";5967;"SAO GONCALO DO AMARANTE";"RN";"(INATIVO) 1ª VARA CÍVEL DA COMARCA DE SÃO GONÇALO DO AMARANTE";"G1, JE";"10";"5";"-50,0%";"1";"1";"0,0%";"0";"1";"0";"0";"0";"0";"1";"1";;"18 anos e 1 Mes";"75%";
"TJRN";5677;"JOAO CAMARA";"RN";"(INATIVO) VARA CRIMINAL DA COMARCA DE JOÃO CÂMARA";"G1, JE";"2";"1";"-50,0%";"0";"0";;"0";"0";"0";"0";"0";"0";"1";"0";;"16 anos e 11 meses";"100%";
"TJRN";4838;"NATAL";"RN";"(INATIVO) 2ª VARA DE PRECATÓRIAS DA COMARCA DE NATAL";"G1";"1";"1";"0,0%";"0";"0";;"0";"0";"0";"0";"0";"0";"0";"0";;"16 anos e 7 meses";"100%";
"TJRN";5683;"MACAU";"RN";"(INATIVO) VARA CÍVEL E DE INFÂNCIA E JUVENTUDE DA COMARCA DE MACAU";"G1, JE";"34";"25";"-26,5%";"0";"3";;"0";"4";"0";"0";"0";"0";"11";"2";;"14 anos e 8 meses";"85%";
"TJRN";5650;"CURRAIS NOVOS";"RN";"(INATIVO) VARA CÍVEL DA COMARCA DE CURRAIS NOVOS";"G1";"132";"28";"-78,8%";"126";"24";"-81,0%";"0";"0";"0";"0";"0";"0";"1";"0";;"14 anos e 7 meses";"100%";
"TJRN";5860;"MACAIBA";"RN";"(INATIVO) VARA CRIMINAL DA COMARCA DE MACAÍBA";"G1";"4";"1";"-75,0%";"2";"0";"-100,0%";"0";"0";"0";"0";"0";"0";"0";"0";;"14 anos e 1 Mes";"100%";
"TJRN";5687;"MACAU";"RN";"(INATIVO) VARA CRIMINAL DA COMARCA DE MACAU";"G1";"2";"1";"-50,0%";"0";"0";;"0";"0";"0";"0";"0";"0";"1";"0";;"13 anos e 7 meses";"100%";
"TJRN";4749;"NATAL";"RN";"(INATIVO) 19ª VARA CÍVEL DA COMARCA DE NATAL";"G1";"8";"4";"-50,0%";"3";"1";"-66,7%";"0";"0";"0";"0";"0";"0";"0";"0";;"12 anos e 2 meses";"100%";
"TJRN";5627;"AÇU";"RN";"(INATIVO) VARA CRIMINAL DA COMARCA DE AÇU";"G1";"1";"1";"0,0%";"0";"0";;"0";"0";"0";"0";"0";"0";"1";"0";;"11 anos e 10 meses";"100%";
"TJRN";5642;"CEARA-MIRIM";"RN";"(INATIVO) 1ª VARA CÍVEL DA COMARCA DE CEARÁ-MIRIM";"G1";"15";"7";"-53,3%";"2";"1";"-50,0%";"0";"1";"0";"0";"0";"0";"3";"0";;"11 anos e 9 meses";"86%";
"TJRN";5815;"NOVA CRUZ";"RN";"(INATIVO) VARA CÍVEL E DE INFÂNCIA E JUVENTUDE DA COMARCA DE NOVA CRUZ";"G1";"7";"5";"-28,6%";"2";"2";"0,0%";"0";"0";"0";"0";"0";"0";"2";"0";;"11 anos e 4 meses";"100%";
"TJRN";5969;"SAO GONCALO DO AMARANTE";"RN";"(INATIVO) VARA CRIMINAL DA COMARCA DE SÃO GONÇALO DO AMARANTE";"G1";"3";"3";"0,0%";"0";"0";;"0";"0";"0";"0";"0";"0";"2";"0";;"11 anos e 1 Mes";"100%";
"TJRN";5525;"NATAL";"RN";"(INATIVO) 7ª VARA DE FAMÍLIA DA COMARCA DE NATAL";"G1";"2";"1";"-50,0%";"0";"0";;"0";"0";"0";"0";"0";"0";"1";"0";;"10 anos e 11 meses";"100%";
"TJRN";5595;"NATAL";"RN";"(INATIVO) 3ª VARA CRIMINAL DO DISTRITO JUDICIÁRIO DA ZONA SUL DA COMARCA DE NATAL";"G1";"1";"1";"0,0%";"0";"0";;"0";"0";"0";"0";"0";"0";"1";"0";;"10 anos e 6 meses";"100%";
"TJRN";5857;"MACAIBA";"RN";"(INATIVO) 1ª VARA CÍVEL DA COMARCA DE MACAÍBA";"G1";"3";"2";"-33,3%";"1";"1";"0,0%";"0";"0";"0";"0";"0";"0";"0";"0";;"10 anos e 4 meses";"100%";
"TJRN";5896;"SANTA CRUZ";"RN";"(INATIVO) VARA CÍVEL DA COMARCA DE SANTA CRUZ";"G1";"10";"7";"-30,0%";"1";"2";"100,0%";"0";"0";"0";"0";"0";"0";"3";"0";;"10 anos e 2 meses";"100%";
"TJRN";5821;"PAU DOS FERROS";"RN";"(INATIVO) 1ª VARA CÍVEL DA COMARCA DE PAU DOS FERROS";"G1";"5";"5";"0,0%";"0";"1";;"0";"0";"0";"0";"0";"0";"1";"0";;"9 anos e 10 meses";"100%";
"TJRN";5614;"AÇU";"RN";"(INATIVO) 1ª VARA CÍVEL DA COMARCA DE AÇU";"G1";"10";"8";"-20,0%";"0";"0";;"0";"0";"0";"0";"0";"0";"2";"0";;"9 anos e 9 meses";"100%";
"TJRN";5829;"APODI";"RN";"(INATIVO) VARA CÍVEL DA COMARCA DE APODI";"G1";"27";"15";"-44,4%";"6";"5";"-16,7%";"0";"0";"0";"0";"0";"0";"0";"0";;"9 anos e 6 meses";"100%";
"TJRN";5566;"NATAL";"RN";"(INATIVO) 8ª VARA DE FAMÍLIA DA COMARCA DE NATAL";"G1";"1";"1";"0,0%";"0";"0";;"0";"0";"0";"0";"0";"0";"0";"0";;"9 anos e 6 meses";"100%";
"TJRN";5988;"NISIA FLORESTA";"RN";"VARA ÚNICA DA COMARCA DE NÍSIA FLORESTA";"G1, JE";"417";"215";"-48,4%";"89";"75";"-15,7%";"0";"15";"0";"0";"0";"0";"9";"0";;"9 anos e 1 Mes";"90%";
"TJRN";5563;"NATAL";"RN";"(INATIVO) 9ª VARA DE FAMÍLIA DA COMARCA DE NATAL";"G1";"2";"2";"0,0%";"0";"0";;"0";"0";"0";"0";"0";"0";"1";"0";;"9 anos";"100%";
"TJRN";5629;"ALMINO AFONSO";"RN";"(INATIVO) 1ª VARA CÍVEL DA COMARCA DE CAICÓ";"G1";"5";"5";"0,0%";"2";"3";"50,0%";"0";"0";"0";"0";"0";"0";"0";"0";;"8 anos e 10 meses";"100%";
"TJRN";5976;"ARES";"RN";"(AGREGADA) VARA ÚNICA DA COMARCA DE AREZ";"G1, JE";"16";"14";"-12,5%";"0";"0";;"0";"0";"4";"0";"0";"0";"10";"1";;"8 anos e 9 meses";"100%";
"TJRN";4832;"NATAL";"RN";"(INATIVO) 10ª VARA CRIMINAL DA COMARCA DE NATAL";"G1";"2";"2";"0,0%";"0";"0";;"0";"0";"0";"0";"0";"0";"1";"0";;"8 anos e 6 meses";"100%";
"TJRN";4825;"NATAL";"RN";"(INATIVO) 7ª VARA CRIMINAL DA COMARCA DE NATAL";"G1";"1";"1";"0,0%";"0";"0";;"0";"0";"0";"0";"0";"0";"0";"0";;"8 anos e 6 meses";"100%";
"TJRN";5899;"SANTA CRUZ";"RN";"(INATIVO) VARA CRIMINAL DA COMARCA DE SANTA CRUZ";"G1";"2";"1";"-50,0%";"0";"0";;"0";"0";"0";"0";"0";"0";"0";"0";;"8 anos e 2 meses";"100%";
"TJRN";6000;"TAIPU";"RN";"(AGREGADA) VARA ÚNICA DA COMARCA DE TAIPU";"G1, JE";"8";"5";"-37,5%";"0";"0";;"0";"1";"0";"0";"0";"0";"0";"0";;"8 anos e 1 Mes";"83%";
"TJRN";5837;"AREIA BRANCA";"RN";"(INATIVO) VARA CÍVEL DA COMARCA DE AREIA BRANCA";"G1, JE";"12";"12";"0,0%";"1";"3";"200,0%";"0";"0";"0";"0";"0";"0";"0";"0";;"8 anos";"100%";
"TJRN";5669;"JOAO CAMARA";"RN";"(INATIVO) VARA CÍVEL E DE INFÂNCIA E JUVENTUDE DA COMARCA DE JOÃO CÂMARA";"G1";"6";"2";"-66,7%";"0";"0";;"0";"1";"0";"0";"0";"0";"0";"0";;"7 anos e 9 meses";"50%";
"TJRN";5974;"AFONSO BEZERRA";"RN";"(AGREGADA) VARA ÚNICA DA COMARCA DE AFONSO BEZERRA";"G1";"1";"1";"0,0%";"0";"0";;"0";"0";"0";"0";"0";"0";"0";"0";;"7 anos e 8 meses";"100%";
"TJRN";5536;"NATAL";"RN";"(INATIVO) 2ª VARA CRIMINAL DO DISTRITO JUDICIÁRIO DA ZONA NORTE DA COMARCA DE NATAL";"G1";"1";"1";"0,0%";"0";"0";;"0";"0";"0";"0";"0";"0";"0";"0";;"7 anos e 4 meses";"100%";
"TJRN";5540;"NATAL";"RN";"(INATIVO) 4ª VARA CRIMINAL DO DISTRITO JUDICIÁRIO DA ZONA NORTE DA COMARCA DE NATAL";"G1";"1";"1";"0,0%";"0";"0";;"0";"0";"0";"0";"0";"0";"0";"0";;"6 anos e 11 meses";"100%";
"TJRN";4752;"NATAL";"RN";"(INATIVO) 20ª VARA CÍVEL DA COMARCA DE NATAL";"G1";"6";"2";"-66,7%";"2";"1";"-50,0%";"0";"1";"0";"0";"0";"0";"0";"0";;"6 anos e 10 meses";"50%";
"TJRN";5999;"SERRA NEGRA DO NORTE";"RN";"(AGREGADA) VARA ÚNICA DA COMARCA DE SERRA NEGRA DO NORTE";"G1, JE";"4";"1";"-75,0%";"0";"0";;"0";"0";"0";"0";"0";"0";"0";"0";;"6 anos e 6 meses";"100%";
"TJRN";4779;"NATAL";"RN";"(INATIVO) VARA DE SUCESSÕES DA COMARCA DE NATAL";"G1";"1";"1";"0,0%";"0";"0";;"0";"0";"0";"0";"0";"0";"0";"0";;"6 anos e 2 meses";"100%";
"TJRN";4770;"NATAL";"RN";"4ª VARA DE EXECUÇÃO FISCAL E TRIBUTÁRIA DA COMARCA DE NATAL";"G1, JE";"13.698";"11.636";"-15,1%";"3.955";"5.263";"33,1%";"215";"2.270";"5.988";"8.342";"1.610";"661";"587";"6";"7 anos e 1 Mes";"5 anos e 8 meses";"74%";"1.056%"
"TJRN";4776;"NATAL";"RN";"5ª VARA DE EXECUÇÃO FISCAL E TRIBUTÁRIA DA COMARCA DE NATAL";"G1, JE";"14.295";"12.137";"-15,1%";"4.141";"5.198";"25,5%";"256";"2.375";"6.660";"5.872";"1.489";"851";"564";"1";"7 anos e 10 meses";"5 anos e 8 meses";"74%";"928%"
"TJRN";5990;"PEDRO VELHO";"RN";"(AGREGADA) VARA ÚNICA DA COMARCA DE PEDRO VELHO";"G1, JE";"3";"2";"-33,3%";"0";"0";;"0";"0";"8";"0";"0";"0";"2";"0";;"5 anos e 3 meses";"100%";
"TJRN";11662;"NATAL";"RN";"6ª VARA DE EXECUÇÃO FISCAL E TRIBUTÁRIA DA COMARCA DE NATAL";"G1, JE";"13.682";"11.346";"-17,1%";"3.832";"4.691";"22,4%";"200";"2.495";"3.753";"7.469";"1.510";"1.529";"645";"15";"7 anos e 1 Mes";"5 anos e 2 meses";"73%";"1.248%"
"TJRN";4773;"NATAL";"RN";"2ª VARA DE EXECUÇÃO FISCAL E TRIBUTÁRIA DA COMARCA DE NATAL";"G1, JE";"15.147";"13.196";"-12,9%";"4.190";"5.329";"27,2%";"355";"2.450";"11.015";"7.004";"2.621";"784";"665";"13";"6 anos e 11 meses";"5 anos e 2 meses";"76%";"690%"
"TJRN";11663;"NATAL";"RN";"3ª VARA DE EXECUÇÃO FISCAL E TRIBUTÁRIA DA COMARCA DE NATAL";"G1, JE";"17.617";"15.488";"-12,1%";"4.931";"6.319";"28,1%";"332";"2.343";"3.762";"7.899";"1.990";"538";"796";"63";"5 anos e 8 meses";"5 anos e 1 Mes";"80%";"706%"
"TJRN";51696;"NATAL";"RN";"1ª CENTRAL DE FLAGRANTES DA COMARCA DE NATAL";"G1, JE";"5";"2";"-60,0%";"2";"0";"-100,0%";"32";"0";"3";"5";"0";"0";"1";"0";;"4 anos e 10 meses";"100%";"0%"
"TJRN";13294;"NATAL";"RN";"(INATIVO) JUIZADO ESPECIAL CRIMINAL DA COMARCA DE NATAL";"G1, JE";"75";"22";"-70,7%";"19";"14";"-26,3%";"0";"0";"0";"0";"0";"0";"4";"0";;"4 anos e 10 meses";"100%";
"TJRN";5982;"GOVERNADOR DIX-SEPT ROSADO";"RN";"(AGREGADA) VARA ÚNICA DA COMARCA DE GOVERNADOR DIX-SEPT ROSADO";"G1";"26";"7";"-73,1%";"0";"0";;"0";"0";"0";"0";"0";"0";"0";"0";;"4 anos e 10 meses";"100%";
"TJRN";84550;"GOIANINHA";"RN";"1ª VARA DA COMARCA DE GOIANINHA";"G1, JE";"4.766";"4.342";"-8,9%";"116";"120";"3,4%";"997";"1.486";"3.735";"1.384";"690";"500";"475";"99";"4 anos e 1 Mes";"4 anos e 7 meses";"74%";"149%"
"TJRN";5647;"CEARA-MIRIM";"RN";"(INATIVO) VARA CRIMINAL DA COMARCA DE CEARÁ-MIRIM";"G1";"5";"3";"-40,0%";"1";"1";"0,0%";"0";"0";"0";"0";"0";"0";"0";"0";;"4 anos e 7 meses";"100%";
"TJRN";5995;"SAO JOAO DO SABUGI";"RN";"(AGREGADA) VARA ÚNICA DA COMARCA DE SÃO JOÃO DO SABUGI";"G1, JE";"951";"4";"-99,6%";"146";"0";"-100,0%";"237";"189";"287";"212";"105";"15";"3";"7";"10 meses";"4 anos e 2 meses";"2%";"80%"
"TJRN";53372;"NATAL";"RN";"TRIBUNAL PLENO";"G2, TR";"5";"1";"-80,0%";"0";"0";;"13";"0";"3";"15";"0";"0";"2";"14";;"3 anos e 11 meses";"100%";"0%"
"TJRN";4769;"NATAL";"RN";"1ª VARA DE EXECUÇÃO FISCAL E TRIBUTÁRIA DA COMARCA DE NATAL";"G1, JE";"14.962";"12.985";"-13,2%";"4.733";"5.590";"18,1%";"286";"2.450";"5.462";"6.583";"1.944";"642";"776";"3";"7 anos e 4 meses";"3 anos e 10 meses";"75%";"857%"
"TJRN";5983;"IPANGUACU";"RN";"VARA ÚNICA DA COMARCA DE IPANGUAÇU";"G1, JE";"3.365";"3.315";"-1,5%";"207";"199";"-3,9%";"1.066";"1.255";"2.875";"1.168";"868";"347";"342";"83";"3 anos e 10 meses";"3 anos e 10 meses";"71%";"118%"
"TJRN";6005;"PARNAMIRIM";"RN";"2ª VARA CRIMINAL DA COMARCA DE PARNAMIRIM";"G1, JE";"2.448";"2.495";"1,9%";"471";"426";"-9,6%";"513";"552";"2.479";"1.296";"493";"7";"252";"11";"6 anos";"3 anos e 9 meses";"79%";"108%"
"TJRN";76672;"MACAU";"RN";"1ª VARA DA COMARCA DE MACAU";"G1, JE";"3.313";"3.034";"-8,4%";"160";"167";"4,4%";"565";"948";"2.461";"1.137";"600";"158";"708";"127";"5 anos e 9 meses";"3 anos e 8 meses";"75%";"168%"
"TJRN";4816;"NATAL";"RN";"2ª VARA CRIMINAL DA COMARCA DE NATAL";"G1, JE";"517";"502";"-2,9%";"78";"81";"3,8%";"74";"98";"1.501";"503";"64";"80";"51";"0";"4 anos e 4 meses";"3 anos e 8 meses";"81%";"132%"
"TJRN";76673;"MACAU";"RN";"2ª VARA DA COMARCA DE MACAU";"G1, JE";"3.266";"3.010";"-7,8%";"164";"203";"23,8%";"644";"895";"2.617";"1.106";"518";"236";"801";"53";"4 anos e 3 meses";"3 anos e 7 meses";"76%";"139%"
"TJRN";77163;"NATAL";"RN";"10ª VARA CRIMINAL DA COMARCA DE NATAL";"G1, JE";"1.206";"1.152";"-4,5%";"204";"136";"-33,3%";"194";"243";"2.381";"717";"334";"2";"93";"15";"6 anos e 3 meses";"3 anos e 6 meses";"81%";"125%"
"TJRN";5972;"SAO PAULO DO POTENGI";"RN";"VARA ÚNICA DA COMARCA DE SÃO PAULO DO POTENGI";"G1, JE";"3.533";"3.629";"2,7%";"199";"215";"8,0%";"1.098";"1.039";"2.086";"2.014";"767";"267";"450";"276";"3 anos";"3 anos e 6 meses";"77%";"95%"
"TJRN";4815;"NATAL";"RN";"1ª VARA CRIMINAL DA COMARCA DE NATAL";"G1, JE";"485";"407";"-16,1%";"97";"75";"-22,7%";"49";"119";"1.244";"418";"83";"46";"65";"1";"4 anos e 8 meses";"3 anos e 6 meses";"74%";"243%"
"TJRN";5970;"SAO JOSE DE MIPIBU";"RN";"VARA ÚNICA DA COMARCA DE SÃO JOSÉ DE MIPIBU";"G1, JE";"6.118";"6.657";"8,8%";"210";"210";"0,0%";"2.344";"2.023";"4.901";"2.390";"1.805";"543";"1.937";"142";"2 anos e 11 meses";"3 anos e 5 meses";"76%";"86%"
"TJRN";5853;"LAJES";"RN";"VARA ÚNICA DA COMARCA DE LAJES";"G1, JE";"2.635";"2.681";"1,7%";"120";"136";"13,3%";"834";"892";"1.845";"585";"621";"248";"392";"197";"2 anos e 9 meses";"3 anos e 5 meses";"74%";"107%"
"TJRN";84552;"CANGUARETAMA";"RN";"1ª VARA DA COMARCA DE CANGUARETAMA";"G1, JE";"3.377";"3.084";"-8,7%";"199";"249";"25,1%";"1.163";"1.497";"4.061";"1.538";"985";"341";"199";"490";"3 anos e 2 meses";"3 anos e 4 meses";"65%";"129%"
"TJRN";77168;"NATAL";"RN";"(INATIVO) 16ª VARA CRIMINAL DA COMARCA DE NATAL";"G1, JE";"4";"4";"0,0%";"0";"0";;"0";"0";"3";"1";"2";"0";"1";"1";"2 anos e 8 meses";"3 anos e 3 meses";"100%";
"TJRN";76685;"SANTA CRUZ";"RN";"1ª VARA DA COMARCA DE SANTA CRUZ";"G1, JE";"3.810";"4.077";"7,0%";"228";"250";"9,6%";"1.197";"1.001";"4.261";"1.351";"820";"197";"1.445";"89";"5 anos";"3 anos e 2 meses";"79%";"84%"
"TJRN";6004;"MOSSORO";"RN";"6ª VARA CÍVEL DA COMARCA DE MOSSORÓ";"G1, JE";"1.931";"1.418";"-26,6%";"126";"114";"-9,5%";"381";"905";"3.041";"302";"711";"211";"58";"7";"2 anos e 8 meses";"3 anos e 2 meses";"59%";"238%"
"TJRN";5887;"PARNAMIRIM";"RN";"1ª VARA CRIMINAL DA COMARCA DE PARNAMIRIM";"G1, JE";"873";"948";"8,6%";"152";"161";"5,9%";"162";"258";"706";"650";"202";"23";"167";"15";"4 anos e 3 meses";"3 anos e 2 meses";"75%";"159%"
"TJRN";76686;"SANTA CRUZ";"RN";"2ª VARA DA COMARCA DE SANTA CRUZ";"G1, JE";"3.807";"3.992";"4,9%";"314";"272";"-13,4%";"1.256";"1.066";"3.479";"1.520";"717";"322";"1.144";"271";"3 anos e 11 meses";"3 anos e 1 Mes";"78%";"85%"
"TJRN";4716;"NATAL";"RN";"5ª VARA CÍVEL DA COMARCA DE NATAL";"G1, JE";"3.183";"3.164";"-0,6%";"460";"485";"5,4%";"1.580";"1.199";"2.239";"2.811";"779";"345";"62";"205";"2 anos e 4 meses";"3 anos e 1 Mes";"69%";"76%"
"TJRN";5889;"PARNAMIRIM";"RN";"(INATIVO) VARA DA FAZENDA PÚBLICA DA COMARCA DE PARNAMIRIM";"G1, JE";"7.103";"8.335";"17,3%";"2.074";"1.322";"-36,3%";"2.784";"1.589";"3.961";"4.000";"1.337";"186";"754";"868";"4 anos e 1 Mes";"3 anos e 1 Mes";"82%";"57%"
"TJRN";84540;"EXTREMOZ";"RN";"1ª VARA DA COMARCA DE EXTREMOZ";"G1, JE";"4.854";"5.833";"20,2%";"93";"157";"68,8%";"1.402";"574";"4.908";"987";"343";"160";"2.868";"162";"2 anos e 2 meses";"3 anos e 1 Mes";"91%";"41%"
"TJRN";5844;"CARAUBAS";"RN";"VARA ÚNICA DA COMARCA DE CARAÚBAS";"G1, JE";"3.473";"2.784";"-19,8%";"171";"112";"-34,5%";"955";"1.563";"3.472";"2.353";"937";"291";"87";"40";"2 anos e 4 meses";"3 anos";"63%";"164%"
"TJRN";5880;"PARNAMIRIM";"RN";"2ª VARA CÍVEL DA COMARCA DE PARNAMIRIM";"G1, JE";"4.015";"4.065";"1,2%";"202";"152";"-24,8%";"1.521";"1.666";"4.666";"1.915";"775";"550";"163";"163";"2 anos e 1 Mes";"3 anos";"70%";"110%"
"TJRN";76668;"CEARA-MIRIM";"RN";"2ª VARA DA COMARCA DE CEARÁ-MIRIM";"G1, JE";"4.899";"4.429";"-9,6%";"496";"528";"6,5%";"1.190";"1.704";"4.384";"2.322";"729";"621";"198";"189";"4 anos e 2 meses";"3 anos";"70%";"143%"
"TJRN";4705;"NATAL";"RN";"2ª VARA CÍVEL DA COMARCA DE NATAL";"G1, JE";"3.400";"3.217";"-5,4%";"347";"367";"5,8%";"1.026";"1.215";"1.908";"1.945";"894";"295";"162";"742";"2 anos e 5 meses";"2 anos e 11 meses";"70%";"118%"
"TJRN";76612;"SAO GONCALO DO AMARANTE";"RN";"1ª VARA DA COMARCA DE SÃO GONÇALO DO AMARANTE";"G1, JE";"4.114";"4.515";"9,7%";"322";"288";"-10,6%";"1.182";"839";"2.573";"2.057";"590";"296";"1.124";"118";"3 anos e 1 Mes";"2 anos e 11 meses";"83%";"71%"
"TJRN";76682;"MACAIBA";"RN";"3ª VARA DA COMARCA DE MACAÍBA";"G1, JE";"2.680";"2.430";"-9,3%";"247";"249";"0,8%";"750";"1.018";"3.828";"1.739";"711";"229";"78";"10";"4 anos e 1 Mes";"2 anos e 10 meses";"68%";"136%"
"TJRN";5768;"MOSSORO";"RN";"1ª VARA CRIMINAL DA COMARCA DE MOSSORÓ";"G1, JE";"399";"385";"-3,5%";"120";"55";"-54,2%";"88";"87";"977";"486";"70";"77";"10";"1";"3 anos e 10 meses";"2 anos e 10 meses";"79%";"99%"
"TJRN";76614;"SAO GONCALO DO AMARANTE";"RN";"3ª VARA DA COMARCA DE SÃO GONÇALO DO AMARANTE";"G1, JE";"4.365";"4.637";"6,2%";"332";"289";"-13,0%";"1.207";"997";"1.922";"2.164";"736";"384";"763";"267";"3 anos e 4 meses";"2 anos e 10 meses";"81%";"83%"
"TJRN";4712;"NATAL";"RN";"4ª VARA CÍVEL DA COMARCA DE NATAL";"G1, JE";"2.450";"2.349";"-4,1%";"182";"161";"-11,5%";"1.179";"1.319";"5.226";"1.656";"841";"249";"68";"298";"1 ano e 7 meses";"2 anos e 10 meses";"62%";"112%"
"TJRN";82987;"NATAL";"RN";"(INATIVO) 2ª TURMA RECURSAL TEMPORÁRIA";"TR";"74";"11";"-85,1%";"0";"0";;"0";"50";"2";"67";"0";"0";"2";"4";;"2 anos e 9 meses";"18%";
"TJRN";82986;"NATAL";"RN";"(INATIVO) 1ª TURMA RECURSAL TEMPORÁRIA";"TR";"52";"10";"-80,8%";"0";"3";;"0";"29";"8";"42";"0";"0";"2";"1";;"2 anos e 9 meses";"19%";
"TJRN";77276;"NATAL";"RN";"21ª VARA CÍVEL DA COMARCA DE NATAL";"G1, JE";"1.656";"1.830";"10,5%";"198";"193";"-2,5%";"454";"375";"2.178";"2.006";"237";"115";"116";"0";"2 anos e 5 meses";"2 anos e 9 meses";"81%";"83%"
"TJRN";76608;"AREIA BRANCA";"RN";"2ª VARA DA COMARCA DE AREIA BRANCA";"G1, JE";"1.996";"1.841";"-7,8%";"115";"154";"33,9%";"651";"908";"3.586";"1.836";"763";"225";"209";"3";"2 anos e 10 meses";"2 anos e 9 meses";"65%";"139%"
"TJRN";76680;"MACAIBA";"RN";"1ª VARA DA COMARCA DE MACAÍBA";"G1, JE";"2.779";"2.934";"5,6%";"164";"230";"40,2%";"1.031";"925";"3.502";"1.611";"620";"275";"92";"177";"2 anos e 8 meses";"2 anos e 9 meses";"74%";"90%"
"TJRN";5987;"MONTE ALEGRE";"RN";"VARA ÚNICA DA COMARCA DE MONTE ALEGRE";"G1, JE";"3.409";"3.219";"-5,6%";"200";"137";"-31,5%";"1.654";"2.007";"2.804";"1.737";"1.220";"531";"207";"87";"2 anos e 1 Mes";"2 anos e 9 meses";"60%";"121%"
"TJRN";5966;"SANTO ANTONIO";"RN";"VARA ÚNICA DA COMARCA DE SANTO ANTÔNIO";"G1, JE";"3.295";"3.359";"1,9%";"167";"188";"12,6%";"1.495";"1.491";"3.032";"1.626";"1.165";"337";"357";"619";"2 anos e 2 meses";"2 anos e 9 meses";"68%";"100%"
"TJRN";4768;"NATAL";"RN";"5ª VARA DA FAZENDA PÚBLICA DA COMARCA DE NATAL";"G1, JE";"9.439";"9.529";"1,0%";"1.608";"1.643";"2,2%";"2.054";"2.186";"3.436";"3.479";"2.439";"233";"1.342";"432";"1 ano e 5 meses";"2 anos e 9 meses";"78%";"106%"
"TJRN";76613;"SAO GONCALO DO AMARANTE";"RN";"2ª VARA DA COMARCA DE SÃO GONÇALO DO AMARANTE";"G1, JE";"3.499";"4.079";"16,6%";"318";"238";"-25,2%";"1.086";"643";"1.639";"2.147";"430";"146";"766";"142";"3 anos e 4 meses";"2 anos e 9 meses";"86%";"59%"
"TJRN";18408;"MOSSORO";"RN";"2ª VARA DA FAZENDA PÚBLICA DA COMARCA DE MOSSORÓ";"G1, JE";"3.968";"4.650";"17,2%";"861";"1.229";"42,7%";"1.560";"935";"4.580";"2.506";"564";"254";"385";"7";"2 anos e 7 meses";"2 anos e 8 meses";"79%";"60%"
"TJRN";76684;"NOVA CRUZ";"RN";"2ª VARA DA COMARCA DE NOVA CRUZ";"G1, JE";"2.450";"2.613";"6,7%";"183";"236";"29,0%";"797";"612";"2.114";"1.128";"497";"180";"805";"22";"2 anos e 9 meses";"2 anos e 8 meses";"80%";"77%"
"TJRN";5885;"PARNAMIRIM";"RN";"2ª VARA DE FAMÍLIA DA COMARCA DE PARNAMIRIM";"G1, JE";"2.637";"2.435";"-7,7%";"49";"56";"14,3%";"1.212";"1.489";"3.855";"1.141";"1.162";"285";"74";"10";"2 anos e 1 Mes";"2 anos e 7 meses";"62%";"123%"
"TJRN";5873;"MARTINS";"RN";"VARA ÚNICA DA COMARCA DE MARTINS";"G1, JE";"2.366";"2.410";"1,9%";"84";"90";"7,1%";"1.011";"1.174";"2.527";"895";"1.188";"232";"112";"5";"2 anos e 5 meses";"2 anos e 7 meses";"66%";"116%"
"TJRN";5881;"PARNAMIRIM";"RN";"3ª VARA CÍVEL DA COMARCA DE PARNAMIRIM";"G1, JE";"3.722";"3.854";"3,5%";"291";"174";"-40,2%";"1.593";"1.724";"3.337";"3.776";"778";"740";"164";"16";"1 ano e 9 meses";"2 anos e 7 meses";"68%";"108%"
"TJRN";6001;"TOUROS";"RN";"VARA ÚNICA DA COMARCA DE TOUROS";"G1, JE";"4.044";"4.066";"0,5%";"274";"211";"-23,0%";"1.529";"1.739";"2.951";"1.436";"1.154";"371";"512";"202";"2 anos e 3 meses";"2 anos e 7 meses";"69%";"114%"
"TJRN";76681;"MACAIBA";"RN";"2ª VARA DA COMARCA DE MACAÍBA";"G1, JE";"2.860";"2.724";"-4,8%";"356";"405";"13,8%";"929";"1.148";"5.402";"1.919";"739";"216";"134";"7";"3 anos e 10 meses";"2 anos e 7 meses";"67%";"124%"
"TJRN";77279;"NATAL";"RN";"20ª VARA CÍVEL DA COMARCA DE NATAL";"G1, JE";"1.960";"2.001";"2,1%";"82";"78";"-4,9%";"794";"922";"4.762";"996";"643";"312";"49";"63";"1 ano e 7 meses";"2 anos e 7 meses";"68%";"116%"
"TJRN";77281;"NATAL";"RN";"24ª VARA CÍVEL DA COMARCA DE NATAL";"G1, JE";"1.736";"1.941";"11,8%";"208";"226";"8,7%";"422";"340";"1.974";"1.746";"273";"111";"39";"10";"2 anos e 6 meses";"2 anos e 7 meses";"83%";"81%"
"TJRN";77164;"NATAL";"RN";"11ª VARA CRIMINAL DA COMARCA DE NATAL";"G1, JE";"808";"770";"-4,7%";"127";"162";"27,6%";"235";"296";"1.346";"599";"241";"4";"89";"5";"3 anos e 10 meses";"2 anos e 7 meses";"67%";"126%"
"TJRN";77280;"NATAL";"RN";"23ª VARA CÍVEL DA COMARCA DE NATAL";"G1, JE";"1.671";"1.650";"-1,3%";"95";"97";"2,1%";"438";"575";"2.713";"1.545";"326";"136";"37";"4";"2 anos e 11 meses";"2 anos e 6 meses";"73%";"131%"
"TJRN";76683;"NOVA CRUZ";"RN";"1ª VARA DA COMARCA DE NOVA CRUZ";"G1, JE";"2.269";"2.460";"8,4%";"109";"135";"23,9%";"728";"558";"2.386";"1.060";"480";"221";"837";"3";"2 anos e 6 meses";"2 anos e 6 meses";"81%";"77%"
"TJRN";4767;"NATAL";"RN";"4ª VARA DA FAZENDA PÚBLICA DA COMARCA DE NATAL";"G1, JE";"8.699";"7.964";"-8,4%";"1.598";"2.094";"31,0%";"2.594";"2.887";"4.897";"3.358";"2.639";"620";"391";"359";"1 ano e 10 meses";"2 anos e 6 meses";"67%";"111%"
"TJRN";4726;"NATAL";"RN";"9ª VARA CÍVEL DA COMARCA DE NATAL";"G1, JE";"2.819";"2.358";"-16,4%";"271";"354";"30,6%";"862";"1.425";"2.258";"1.206";"879";"241";"149";"348";"1 ano e 10 meses";"2 anos e 6 meses";"58%";"165%"
"TJRN";4731;"NATAL";"RN";"11ª VARA CÍVEL DA COMARCA DE NATAL";"G1, JE";"2.448";"2.414";"-1,4%";"354";"315";"-11,0%";"1.109";"1.204";"2.148";"1.563";"656";"344";"74";"234";"1 ano e 7 meses";"2 anos e 6 meses";"64%";"109%"
"TJRN";5991;"PENDENCIAS";"RN";"VARA ÚNICA DA COMARCA DE PENDÊNCIAS";"G1, JE";"1.841";"1.969";"7,0%";"82";"109";"32,9%";"1.188";"1.082";"2.625";"1.153";"927";"182";"129";"6";"1 ano e 9 meses";"2 anos e 6 meses";"63%";"91%"
"TJRN";4765;"NATAL";"RN";"2ª VARA DA FAZENDA PÚBLICA DA COMARCA DE NATAL";"G1, JE";"8.562";"8.432";"-1,5%";"1.547";"1.610";"4,1%";"2.297";"2.153";"5.939";"3.521";"2.468";"423";"653";"91";"1 ano e 6 meses";"2 anos e 6 meses";"76%";"94%"
"TJRN";5998;"SAO TOME";"RN";"VARA ÚNICA DA COMARCA DE SÃO TOMÉ";"G1, JE";"1.814";"1.669";"-8,0%";"53";"81";"52,8%";"1.027";"1.220";"2.690";"1.437";"719";"287";"36";"6";"1 ano e 11 meses";"2 anos e 6 meses";"57%";"119%"
"TJRN";5994;"SAO BENTO DO NORTE";"RN";"VARA ÚNICA DA COMARCA DE SÃO BENTO DO NORTE";"G1, JE";"1.648";"1.739";"5,5%";"194";"190";"-2,1%";"716";"660";"1.294";"848";"700";"128";"114";"13";"1 ano e 8 meses";"2 anos e 5 meses";"70%";"92%"
"TJRN";4733;"NATAL";"RN";"12ª VARA CÍVEL DA COMARCA DE NATAL";"G1, JE";"3.032";"3.223";"6,3%";"418";"248";"-40,7%";"1.020";"840";"1.877";"779";"570";"224";"253";"1.260";"1 ano e 6 meses";"2 anos e 5 meses";"78%";"82%"
"TJRN";76670;"JOAO CAMARA";"RN";"1ª VARA DA COMARCA DE JOÃO CÂMARA";"G1, JE";"2.938";"2.628";"-10,6%";"112";"121";"8,0%";"876";"1.266";"3.677";"1.511";"873";"224";"201";"10";"2 anos e 7 meses";"2 anos e 5 meses";"66%";"145%"
"TJRN";4725;"NATAL";"RN";"8ª VARA CÍVEL DA COMARCA DE NATAL";"G1, JE";"2.706";"2.596";"-4,1%";"431";"355";"-17,6%";"1.236";"1.334";"2.958";"2.052";"924";"278";"181";"5";"1 ano e 8 meses";"2 anos e 5 meses";"63%";"108%"
"TJRN";79118;"NATAL";"RN";"7ª VARA DE FAMÍLIA E SUCESSÕES DA COMARCA DE NATAL";"G1";"2.620";"2.627";"0,3%";"57";"79";"38,6%";"850";"1.104";"4.915";"1.032";"631";"287";"236";"96";"2 anos e 2 meses";"2 anos e 5 meses";"70%";"130%"
"TJRN";4729;"NATAL";"RN";"10ª VARA CÍVEL DA COMARCA DE NATAL";"G1, JE";"2.638";"2.647";"0,3%";"393";"462";"17,6%";"1.141";"1.143";"4.127";"1.451";"755";"294";"88";"33";"1 ano e 9 meses";"2 anos e 5 meses";"66%";"100%"
"TJRN";5981;"FLORANIA";"RN";"VARA ÚNICA DA COMARCA DE FLORÂNIA";"G1, JE";"2.069";"2.255";"9,0%";"121";"133";"9,9%";"1.061";"941";"3.177";"1.036";"794";"166";"650";"7";"1 ano e 10 meses";"2 anos e 5 meses";"69%";"89%"
"TJRN";4724;"NATAL";"RN";"7ª VARA CÍVEL DA COMARCA DE NATAL";"G1, JE";"2.430";"2.744";"12,9%";"288";"180";"-37,5%";"1.052";"929";"4.527";"1.583";"597";"280";"50";"527";"1 ano e 7 meses";"2 anos e 5 meses";"73%";"88%"
"TJRN";76667;"CEARA-MIRIM";"RN";"1ª VARA DA COMARCA DE CEARÁ-MIRIM";"G1, JE";"3.846";"3.698";"-3,8%";"374";"408";"9,1%";"1.375";"1.578";"4.902";"1.612";"878";"429";"153";"124";"2 anos e 11 meses";"2 anos e 5 meses";"68%";"115%"
"TJRN";76607;"AREIA BRANCA";"RN";"1ª VARA DA COMARCA DE AREIA BRANCA";"G1, JE";"1.655";"1.526";"-7,8%";"280";"277";"-1,1%";"738";"849";"3.134";"1.743";"685";"200";"118";"1";"1 ano e 10 meses";"2 anos e 5 meses";"60%";"115%"
"TJRN";76669;"CEARA-MIRIM";"RN";"3ª VARA DA COMARCA DE CEARÁ-MIRIM";"G1, JE";"4.139";"3.922";"-5,2%";"872";"951";"9,1%";"1.308";"1.536";"2.784";"2.557";"857";"332";"177";"129";"3 anos";"2 anos e 4 meses";"66%";"117%"
"TJRN";4766;"NATAL";"RN";"3ª VARA DA FAZENDA PÚBLICA DA COMARCA DE NATAL";"G1, JE";"7.935";"7.687";"-3,1%";"2.711";"2.888";"6,5%";"2.013";"2.380";"3.021";"4.537";"1.583";"1.014";"595";"57";"1 ano e 4 meses";"2 anos e 4 meses";"67%";"118%"
"TJRN";79120;"NATAL";"RN";"3ª VARA DE FAMÍLIA E SUCESSÕES DA COMARCA DE NATAL";"G1, JE";"1.688";"1.332";"-21,1%";"46";"51";"10,9%";"685";"787";"3.405";"922";"563";"121";"121";"0";"1 ano e 6 meses";"2 anos e 4 meses";"62%";"115%"
"TJRN";5773;"MOSSORO";"RN";"3ª VARA CRIMINAL DA COMARCA DE MOSSORÓ";"G1, JE";"1.347";"1.159";"-14,0%";"356";"313";"-12,1%";"314";"277";"2.209";"846";"315";"2";"118";"6";"3 anos e 6 meses";"2 anos e 4 meses";"75%";"88%"
"TJRN";5713;"MOSSORO";"RN";"1ª VARA DA FAZENDA PÚBLICA DA COMARCA DE MOSSORÓ";"G1, JE";"3.637";"4.589";"26,2%";"771";"925";"20,0%";"2.190";"1.040";"7.229";"2.524";"794";"138";"350";"2";"3 anos";"2 anos e 4 meses";"78%";"47%"
"TJRN";5894;"PATU";"RN";"VARA ÚNICA DA COMARCA DE PATU";"G1, JE";"3.456";"2.898";"-16,1%";"183";"164";"-10,4%";"1.368";"1.855";"2.999";"1.411";"1.762";"271";"114";"306";"1 ano e 8 meses";"2 anos e 4 meses";"60%";"136%"
"TJRN";5877;"PARNAMIRIM";"RN";"1ª VARA CÍVEL DA COMARCA DE PARNAMIRIM";"G1, JE";"3.090";"3.458";"11,9%";"203";"201";"-1,0%";"1.556";"1.320";"3.942";"1.888";"707";"535";"142";"139";"1 ano e 7 meses";"2 anos e 4 meses";"71%";"85%"
"TJRN";5884;"PARNAMIRIM";"RN";"1ª VARA DE FAMÍLIA DA COMARCA DE PARNAMIRIM";"G1, JE";"2.223";"2.301";"3,5%";"52";"33";"-36,5%";"1.183";"1.136";"4.854";"951";"878";"221";"104";"17";"1 ano e 9 meses";"2 anos e 4 meses";"67%";"96%"
"TJRN";4719;"NATAL";"RN";"6ª VARA CÍVEL DA COMARCA DE NATAL";"G1, JE";"2.427";"2.390";"-1,5%";"341";"279";"-18,2%";"1.162";"1.253";"4.355";"1.840";"748";"298";"107";"14";"1 ano e 6 meses";"2 anos e 3 meses";"63%";"108%"
"TJRN";5770;"MOSSORO";"RN";"2ª VARA CRIMINAL DA COMARCA DE MOSSORÓ";"G1, JE";"1.573";"1.223";"-22,3%";"322";"144";"-55,3%";"350";"408";"2.305";"1.068";"465";"6";"286";"2";"4 anos e 4 meses";"2 anos e 3 meses";"73%";"117%"
"TJRN";4439;"NATAL";"RN";"1ª VARA CÍVEL DA COMARCA DE NATAL";"G1, JE";"2.689";"2.774";"3,2%";"343";"257";"-25,1%";"1.111";"1.039";"2.663";"2.535";"796";"296";"46";"494";"1 ano e 5 meses";"2 anos e 3 meses";"71%";"94%"
"TJRN";4741;"NATAL";"RN";"14ª VARA CÍVEL DA COMARCA DE NATAL";"G1, JE";"2.347";"2.293";"-2,3%";"534";"335";"-37,3%";"1.189";"1.315";"8.495";"2.410";"1.054";"260";"95";"1";"1 ano e 6 meses";"2 anos e 3 meses";"60%";"111%"
"TJRN";76671;"JOAO CAMARA";"RN";"2ª VARA DA COMARCA DE JOÃO CÂMARA";"G1, JE";"2.521";"2.385";"-5,4%";"234";"253";"8,1%";"1.016";"1.073";"3.403";"1.867";"781";"276";"193";"2";"2 anos e 3 meses";"2 anos e 3 meses";"67%";"106%"
"TJRN";77159;"NATAL";"RN";"6ª VARA CRIMINAL DA COMARCA DE NATAL";"G1, JE";"808";"769";"-4,8%";"225";"232";"3,1%";"208";"231";"1.256";"954";"225";"4";"10";"17";"3 anos e 6 meses";"2 anos e 3 meses";"70%";"111%"
"TJRN";77157;"NATAL";"RN";"4ª VARA CRIMINAL DA COMARCA DE NATAL";"G1, JE";"1.111";"1.088";"-2,1%";"349";"391";"12,0%";"279";"279";"2.138";"1.102";"245";"3";"93";"0";"3 anos e 3 meses";"2 anos e 3 meses";"71%";"100%"
"TJRN";53429;"NATAL";"RN";"CENTRAL DE AVALIAÇÃO E ARREMATAÇÃO DA COMARCA DE NATAL";"G1, JE";"2.992";"3.790";"26,7%";"492";"516";"4,9%";"157";"232";"3.014";"1.877";"338";"19";"703";"29";"11 anos e 7 meses";"2 anos e 3 meses";"93%";"148%"
"TJRN";5705;"MOSSORO";"RN";"4ª VARA CÍVEL DA COMARCA DE MOSSORÓ";"G1, JE";"2.887";"3.034";"5,1%";"174";"125";"-28,2%";"1.344";"1.231";"4.630";"1.386";"1.046";"323";"118";"7";"1 ano e 9 meses";"2 anos e 2 meses";"70%";"92%"
"TJRN";76610;"CAICO";"RN";"2ª VARA DA COMARCA DE CAICÓ";"G1, JE";"2.148";"2.156";"0,4%";"230";"219";"-4,8%";"1.036";"1.209";"3.442";"1.924";"735";"144";"165";"1";"2 anos e 3 meses";"2 anos e 2 meses";"62%";"117%"
"TJRN";77156;"NATAL";"RN";"3ª VARA CRIMINAL DA COMARCA DE NATAL";"G1, JE";"835";"796";"-4,7%";"248";"195";"-21,4%";"233";"265";"1.346";"1.060";"289";"0";"73";"53";"3 anos e 8 meses";"2 anos e 2 meses";"69%";"114%"
"TJRN";5875;"PARELHAS";"RN";"VARA ÚNICA DA COMARCA DE PARELHAS";"G1, JE";"3.270";"3.273";"0,1%";"359";"187";"-47,9%";"2.125";"2.347";"6.929";"2.054";"2.142";"477";"134";"7";"1 ano e 9 meses";"2 anos e 2 meses";"57%";"110%"
"TJRN";76592;"AÇU";"RN";"2ª VARA DA COMARCA DE AÇU";"G1, JE";"1.946";"2.056";"5,7%";"145";"160";"10,3%";"759";"728";"3.020";"1.154";"634";"119";"65";"151";"2 anos e 6 meses";"2 anos e 2 meses";"72%";"96%"
"TJRN";76611;"CAICO";"RN";"3ª VARA DA COMARCA DE CAICÓ";"G1, JE";"2.346";"2.682";"14,3%";"292";"304";"4,1%";"1.018";"894";"3.943";"1.672";"820";"200";"206";"6";"1 ano e 11 meses";"2 anos e 1 Mes";"73%";"88%"
"TJRN";78559;"MOSSORO";"RN";"3ª VARA DA FAZENDA PÚBLICA DA COMARCA DE MOSSORÓ";"G1, JE";"4.071";"4.955";"21,7%";"1.313";"1.337";"1,8%";"2.208";"1.202";"4.685";"2.549";"985";"207";"531";"6";"3 anos";"2 anos e 1 Mes";"75%";"54%"
"TJRN";76593;"AÇU";"RN";"3ª VARA DA COMARCA DE AÇU";"G1, JE";"1.850";"2.230";"20,5%";"191";"153";"-19,9%";"896";"495";"2.707";"1.450";"437";"117";"86";"117";"1 ano e 7 meses";"2 anos e 1 Mes";"81%";"55%"
"TJRN";76675;"PAU DOS FERROS";"RN";"2ª VARA DA COMARCA DE PAU DOS FERROS";"G1, JE";"1.606";"1.659";"3,3%";"83";"60";"-27,7%";"860";"870";"2.443";"1.593";"778";"245";"58";"68";"2 anos";"2 anos e 1 Mes";"65%";"101%"
"TJRN";5996;"SAO JOSE DO CAMPESTRE";"RN";"VARA ÚNICA DA COMARCA DE SÃO JOSÉ DO CAMPESTRE";"G1, JE";"3.143";"2.304";"-26,7%";"226";"223";"-1,3%";"1.487";"2.404";"7.081";"1.890";"1.566";"312";"123";"4";"2 anos";"2 anos e 1 Mes";"46%";"162%"
"TJRN";79117;"NATAL";"RN";"6ª VARA DE FAMÍLIA E SUCESSÕES DA COMARCA DE NATAL";"G1";"1.988";"2.141";"7,7%";"321";"336";"4,7%";"830";"873";"6.073";"744";"533";"210";"220";"6";"1 ano e 9 meses";"2 anos e 1 Mes";"67%";"105%"
"TJRN";79112;"NATAL";"RN";"1ª VARA DE FAMÍLIA E SUCESSÕES DA COMARCA DE NATAL";"G1, JE";"1.728";"1.697";"-1,8%";"29";"28";"-3,4%";"817";"1.099";"4.555";"623";"665";"227";"134";"1";"1 ano e 7 meses";"2 anos e 1 Mes";"60%";"135%"
"TJRN";79115;"NATAL";"RN";"4ª VARA DE FAMÍLIA E SUCESSÕES DA COMARCA DE NATAL";"G1, JE";"1.908";"1.865";"-2,3%";"77";"93";"20,8%";"817";"1.084";"4.869";"696";"667";"241";"191";"167";"1 ano e 10 meses";"2 anos";"62%";"133%"
"TJRN";5834;"ANGICOS";"RN";"VARA ÚNICA DA COMARCA DE ANGICOS";"G1, JE";"2.341";"2.672";"14,1%";"176";"178";"1,1%";"1.658";"1.414";"2.048";"1.364";"1.148";"270";"105";"587";"2 anos e 4 meses";"2 anos";"64%";"85%"
"TJRN";5978;"CAMPO GRANDE";"RN";"VARA ÚNICA DA COMARCA DE CAMPO GRANDE";"G1, JE";"3.186";"3.427";"7,6%";"113";"95";"-15,9%";"1.632";"1.548";"5.558";"2.672";"1.435";"169";"361";"11";"1 ano e 4 meses";"2 anos";"68%";"95%"
"TJRN";12925;"MOSSORO";"RN";"JUIZADO DA VIOLÊNCIA DOMÉSTICA E FAMILIAR CONTRA A MULHER DA COMARCA DE MOSSORÓ";"G1, JE";"2.739";"2.745";"0,2%";"553";"692";"25,1%";"982";"1.115";"4.901";"2.861";"324";"746";"414";"72";"2 anos e 9 meses";"2 anos";"65%";"114%"
"TJRN";5965;"SANTANA DO MATOS";"RN";"VARA ÚNICA DA COMARCA DE SANTANA DO MATOS";"G1, JE";"1.459";"1.905";"30,6%";"61";"129";"111,5%";"812";"481";"1.322";"992";"724";"122";"217";"51";"1 ano e 4 meses";"2 anos";"79%";"59%"
"TJRN";5971;"SAO MIGUEL";"RN";"VARA ÚNICA DA COMARCA DE SÃO MIGUEL";"G1, JE";"3.697";"3.926";"6,2%";"144";"133";"-7,6%";"2.086";"1.986";"2.508";"4.956";"1.855";"474";"424";"36";"1 ano e 10 meses";"1 ano e 11 meses";"66%";"95%"
"TJRN";4778;"NATAL";"RN";"18ª VARA CÍVEL DA COMARCA DE NATAL";"G1, JE";"2.724";"2.788";"2,3%";"473";"407";"-14,0%";"1.123";"1.060";"2.645";"1.413";"821";"261";"72";"376";"1 ano e 10 meses";"1 ano e 11 meses";"69%";"94%"
"TJRN";77269;"NATAL";"RN";"6ª VARA DA FAZENDA PÚBLICA DA COMARCA DE NATAL";"G1, JE";"6.518";"6.486";"-0,5%";"1.601";"1.746";"9,1%";"2.103";"1.841";"8.020";"2.221";"2.395";"259";"583";"4";"1 ano e 1 Mes";"1 ano e 11 meses";"72%";"88%"
"TJRN";79119;"NATAL";"RN";"8ª VARA DE FAMÍLIA E SUCESSÕES DA COMARCA DE NATAL";"G1";"1.716";"1.826";"6,4%";"58";"62";"6,9%";"903";"952";"4.087";"1.678";"645";"190";"133";"0";"1 ano e 9 meses";"1 ano e 11 meses";"65%";"105%"
"TJRN";79116;"NATAL";"RN";"5ª VARA DE FAMÍLIA E SUCESSÕES DA COMARCA DE NATAL";"G1, JE";"1.610";"1.769";"9,9%";"126";"114";"-9,5%";"845";"945";"4.774";"681";"625";"185";"158";"28";"1 ano e 5 meses";"1 ano e 10 meses";"64%";"112%"
"TJRN";5985;"JARDIM DE PIRANHAS";"RN";"VARA ÚNICA DA COMARCA DE JARDIM DE PIRANHAS";"G1, JE";"1.795";"1.866";"4,0%";"161";"146";"-9,3%";"1.256";"1.207";"2.786";"1.988";"1.073";"117";"458";"12";"1 ano e 4 meses";"1 ano e 10 meses";"59%";"96%"
"TJRN";77277;"NATAL";"RN";"22ª VARA CÍVEL DA COMARCA DE NATAL";"G1, JE";"1.286";"1.271";"-1,2%";"314";"403";"28,3%";"480";"574";"9.465";"2.801";"486";"193";"3";"0";"2 anos e 8 meses";"1 ano e 10 meses";"60%";"120%"
"TJRN";78887;"NATAL";"RN";"25ª VARA CÍVEL DA COMARCA DE NATAL";"G1, JE";"1.238";"1.444";"16,6%";"346";"432";"24,9%";"417";"393";"1.364";"2.047";"343";"97";"34";"1";"2 anos e 11 meses";"1 ano e 10 meses";"72%";"94%"
"TJRN";77158;"NATAL";"RN";"5ª VARA CRIMINAL DA COMARCA DE NATAL";"G1, JE";"913";"861";"-5,7%";"267";"315";"18,0%";"239";"287";"818";"1.060";"327";"4";"101";"0";"2 anos e 11 meses";"1 ano e 10 meses";"66%";"120%"
"TJRN";4709;"NATAL";"RN";"3ª VARA CÍVEL DA COMARCA DE NATAL";"G1, JE";"1.816";"1.899";"4,6%";"302";"242";"-19,9%";"1.261";"1.227";"7.750";"2.857";"979";"276";"28";"0";"1 ano e 1 Mes";"1 ano e 10 meses";"57%";"97%"
"TJRN";5975;"ALMINO AFONSO";"RN";"VARA ÚNICA DA COMARCA DE ALMINO AFONSO";"G1, JE";"2.335";"2.004";"-14,2%";"126";"163";"29,4%";"1.565";"1.879";"3.166";"2.842";"1.633";"175";"125";"3";"1 ano e 3 meses";"1 ano e 9 meses";"49%";"120%"
"TJRN";77169;"NATAL";"RN";"15ª VARA CRIMINAL DA COMARCA DE NATAL";"G1, JE";"653";"766";"17,3%";"104";"103";"-1,0%";"246";"137";"1.235";"659";"170";"4";"32";"7";"4 anos e 2 meses";"1 ano e 9 meses";"83%";"56%"
"TJRN";76676;"PAU DOS FERROS";"RN";"3ª VARA DA COMARCA DE PAU DOS FERROS";"G1, JE";"1.522";"1.577";"3,6%";"97";"95";"-2,1%";"1.012";"949";"3.184";"1.265";"834";"160";"65";"7";"1 ano e 3 meses";"1 ano e 9 meses";"61%";"94%"
"TJRN";5993;"PORTALEGRE";"RN";"VARA ÚNICA DA COMARCA DE PORTALEGRE";"G1, JE";"1.678";"1.985";"18,3%";"32";"35";"9,4%";"1.197";"966";"1.848";"1.261";"843";"112";"186";"7";"1 ano e 1 Mes";"1 ano e 9 meses";"67%";"81%"
"TJRN";6002;"UMARIZAL";"RN";"VARA ÚNICA DA COMARCA DE UMARIZAL";"G1, JE";"3.136";"2.931";"-6,5%";"125";"108";"-13,6%";"2.079";"2.803";"3.812";"1.755";"1.264";"1.178";"102";"83";"1 ano e 2 meses";"1 ano e 9 meses";"50%";"135%"
"TJRN";4738;"NATAL";"RN";"13ª VARA CÍVEL DA COMARCA DE NATAL";"G1, JE";"2.083";"2.096";"0,6%";"346";"190";"-45,1%";"1.183";"1.203";"2.518";"3.287";"862";"295";"41";"7";"1 ano e 4 meses";"1 ano e 9 meses";"61%";"102%"
"TJRN";5973;"TANGARA";"RN";"VARA ÚNICA DA COMARCA DE TANGARÁ";"G1, JE";"3.237";"2.924";"-9,7%";"337";"425";"26,1%";"1.982";"2.408";"4.397";"2.205";"2.048";"295";"133";"29";"1 ano e 6 meses";"1 ano e 9 meses";"51%";"121%"
"TJRN";5992;"POCO BRANCO";"RN";"(AGREGADA) VARA ÚNICA DA COMARCA DE POÇO BRANCO";"G1, JE";"6";"2";"-66,7%";"0";"0";;"0";"0";"0";"1";"0";"0";"1";"1";;"1 ano e 9 meses";"100%";
"TJRN";5694;"MOSSORO";"RN";"1ª VARA CÍVEL DA COMARCA DE MOSSORÓ";"G1, JE";"2.438";"2.834";"16,2%";"181";"148";"-18,2%";"1.277";"992";"4.274";"1.709";"750";"300";"92";"5";"1 ano e 4 meses";"1 ano e 8 meses";"73%";"78%"
"TJRN";5855;"LUIS GOMES";"RN";"VARA ÚNICA DA COMARCA DE LUÍS GOMES";"G1, JE";"2.368";"2.536";"7,1%";"184";"222";"20,7%";"2.011";"1.966";"5.031";"2.382";"1.957";"259";"371";"1";"1 ano e 1 Mes";"1 ano e 8 meses";"54%";"98%"
"TJRN";77162;"NATAL";"RN";"9ª VARA CRIMINAL DA COMARCA DE NATAL";"G1, JE";"629";"702";"11,6%";"212";"226";"6,6%";"209";"153";"951";"651";"171";"10";"27";"30";"2 anos e 5 meses";"1 ano e 8 meses";"76%";"73%"
"TJRN";4764;"NATAL";"RN";"1ª VARA DA FAZENDA PÚBLICA DA COMARCA DE NATAL";"G1, JE";"5.304";"4.962";"-6,4%";"2.047";"1.925";"-6,0%";"1.437";"1.642";"4.306";"2.800";"1.818";"143";"708";"4";"1 ano e 4 meses";"1 ano e 8 meses";"65%";"114%"
"TJRN";4744;"NATAL";"RN";"16ª VARA CÍVEL DA COMARCA DE NATAL";"G1, JE";"1.838";"1.887";"2,7%";"288";"219";"-24,0%";"1.125";"1.180";"5.772";"1.382";"862";"229";"32";"2";"1 ano e 2 meses";"1 ano e 8 meses";"59%";"105%"
"TJRN";5830;"ACARI";"RN";"VARA ÚNICA DA COMARCA DE ACARI";"G1, JE";"1.693";"1.577";"-6,9%";"249";"199";"-20,1%";"1.117";"1.252";"3.027";"1.750";"1.217";"143";"73";"33";"1 ano e 4 meses";"1 ano e 8 meses";"52%";"112%"
"TJRN";77165;"NATAL";"RN";"8ª VARA CRIMINAL DA COMARCA DE NATAL";"G1, JE";"533";"522";"-2,1%";"100";"139";"39,0%";"172";"193";"908";"751";"156";"7";"17";"17";"2 anos e 4 meses";"1 ano e 8 meses";"66%";"112%"
"TJRN";53423;"NATAL";"RN";"TURMA RECURSAL DE UNIFORMIZAÇÃO DE JURISPRUDÊNCIA DOS JUIZADOS ESPECIAIS";"TR";"220";"294";"33,6%";"0";"1";;"42";"22";"102";"122";"154";"25";"16";"63";"11 meses";"1 ano e 7 meses";"93%";"52%"
"TJRN";5831;"ALEXANDRIA";"RN";"VARA ÚNICA DA COMARCA DE ALEXANDRIA";"G1, JE";"2.008";"1.834";"-8,7%";"124";"66";"-46,8%";"1.788";"2.030";"6.672";"2.372";"1.832";"401";"120";"4";"1 ano e 1 Mes";"1 ano e 7 meses";"47%";"114%"
"TJRN";79113;"NATAL";"RN";"2ª VARA DE FAMÍLIA E SUCESSÕES DA COMARCA DE NATAL";"G1, JE";"1.295";"1.488";"14,9%";"43";"42";"-2,3%";"855";"887";"3.227";"1.243";"648";"184";"133";"10";"1 ano e 6 meses";"1 ano e 7 meses";"62%";"104%"
"TJRN";6555;"NATAL";"RN";"1º JUIZADO DA VIOLÊNCIA DOMÉSTICA E FAMILIAR CONTRA A MULHER DA COMARCA DE NATAL";"G1, JE";"2.338";"2.218";"-5,1%";"327";"227";"-30,6%";"828";"1.069";"2.220";"2.463";"425";"554";"633";"1";"2 anos e 3 meses";"1 ano e 7 meses";"65%";"129%"
"TJRN";76609;"CAICO";"RN";"1ª VARA DA COMARCA DE CAICÓ";"G1, JE";"1.762";"2.181";"23,8%";"281";"315";"12,1%";"969";"795";"3.343";"1.454";"598";"227";"171";"2";"1 ano e 9 meses";"1 ano e 7 meses";"70%";"82%"
"TJRN";18407;"NATAL";"RN";"2º JUIZADO DA VIOLÊNCIA DOMÉSTICA E FAMILIAR CONTRA A MULHER DA COMARCA DE NATAL";"G1, JE";"2.544";"2.510";"-1,3%";"167";"229";"37,1%";"963";"1.146";"2.156";"2.618";"912";"30";"276";"11";"2 anos e 9 meses";"1 ano e 7 meses";"67%";"119%"
"TJRN";77167;"NATAL";"RN";"13ª VARA CRIMINAL DA COMARCA DE NATAL";"G1, JE";"881";"714";"-19,0%";"426";"64";"-85,0%";"245";"307";"1.138";"647";"216";"4";"72";"5";"1 ano e 1 Mes";"1 ano e 7 meses";"68%";"125%"
"TJRN";76674;"PAU DOS FERROS";"RN";"1ª VARA DA COMARCA DE PAU DOS FERROS";"G1, JE";"1.567";"1.390";"-11,3%";"111";"106";"-4,5%";"1.124";"1.354";"2.134";"1.840";"1.144";"163";"68";"2";"1 ano e 3 meses";"1 ano e 7 meses";"49%";"120%"
"TJRN";5986;"MARCELINO VIEIRA";"RN";"VARA ÚNICA DA COMARCA DE MARCELINO VIEIRA";"G1, JE";"2.557";"2.322";"-9,2%";"77";"67";"-13,0%";"1.932";"2.037";"5.144";"2.067";"2.062";"153";"128";"4";"1 ano";"1 ano e 7 meses";"53%";"105%"
"TJRN";76591;"AÇU";"RN";"1ª VARA DA COMARCA DE AÇU";"G1, JE";"1.698";"1.753";"3,2%";"314";"229";"-27,1%";"1.099";"1.102";"6.544";"1.396";"842";"174";"50";"45";"1 ano e 6 meses";"1 ano e 7 meses";"58%";"100%"
"TJRN";5701;"MOSSORO";"RN";"3ª VARA CÍVEL DA COMARCA DE MOSSORÓ";"G1, JE";"2.204";"2.485";"12,7%";"116";"97";"-16,4%";"1.338";"1.169";"3.260";"1.070";"851";"362";"78";"88";"1 ano e 2 meses";"1 ano e 7 meses";"67%";"87%"
"TJRN";4743;"NATAL";"RN";"15ª VARA CÍVEL DA COMARCA DE NATAL";"G1, JE";"1.679";"1.764";"5,1%";"236";"112";"-52,5%";"1.195";"1.177";"4.066";"1.461";"954";"234";"85";"64";"1 ano e 1 Mes";"1 ano e 6 meses";"58%";"98%"
"TJRN";11084;"CEARA-MIRIM";"RN";"JUIZADO ESPECIAL CÍVEL, CRIMINAL E DA FAZENDA PÚBLICA DA COMARCA DE CEARÁ-MIRIM";"G1, JE";"3.559";"3.440";"-3,3%";"96";"86";"-10,4%";"2.052";"2.470";"4.091";"1.120";"1.765";"456";"313";"19";"1 ano e 2 meses";"1 ano e 6 meses";"58%";"120%"
"TJRN";76606;"APODI";"RN";"2ª VARA DA COMARCA DE APODI";"G1, JE";"2.168";"1.720";"-20,7%";"247";"217";"-12,1%";"1.918";"2.409";"3.479";"2.585";"2.232";"231";"86";"4";"1 ano e 1 Mes";"1 ano e 6 meses";"38%";"126%"
"TJRN";11088;"NOVA CRUZ";"RN";"JUIZADO ESPECIAL CÍVEL, CRIMINAL E DA FAZENDA PÚBLICA DA COMARCA DE NOVA CRUZ";"G1, JE";"1.913";"2.086";"9,0%";"14";"31";"121,4%";"1.146";"985";"1.705";"957";"1.120";"155";"680";"17";"1 ano e 3 meses";"1 ano e 6 meses";"68%";"86%"
"TJRN";77278;"NATAL";"RN";"19ª VARA CÍVEL DA COMARCA DE NATAL";"G1, JE";"1.766";"1.623";"-8,1%";"54";"39";"-27,8%";"844";"1.116";"4.875";"982";"598";"296";"19";"5";"1 ano e 3 meses";"1 ano e 5 meses";"59%";"132%"
"TJRN";5850;"JUCURUTU";"RN";"VARA ÚNICA DA COMARCA DE JUCURUTU";"G1, JE";"1.342";"1.188";"-11,5%";"95";"70";"-26,3%";"955";"1.137";"3.826";"1.088";"1.097";"115";"24";"7";"1 ano e 5 meses";"1 ano e 5 meses";"49%";"119%"
"TJRN";5708;"MOSSORO";"RN";"2ª VARA CÍVEL DA COMARCA DE MOSSORÓ";"G1, JE";"1.692";"2.163";"27,8%";"148";"121";"-18,2%";"1.305";"855";"4.608";"1.751";"666";"268";"53";"0";"1 ano";"1 ano e 5 meses";"70%";"66%"
"TJRN";5848;"JARDIM DO SERIDO";"RN";"VARA ÚNICA DA COMARCA DE JARDIM DO SERIDÓ";"G1, JE";"1.251";"1.091";"-12,8%";"106";"89";"-16,0%";"961";"1.098";"2.343";"1.389";"866";"178";"68";"8";"11 meses";"1 ano e 5 meses";"48%";"114%"
"TJRN";11102;"MACAIBA";"RN";"JUIZADO ESPECIAL CÍVEL, CRIMINAL E DA FAZENDA PÚBLICA DA COMARCA DE MACAÍBA";"G1, JE";"2.256";"2.299";"1,9%";"51";"134";"162,7%";"1.503";"1.447";"5.201";"822";"1.202";"313";"73";"4";"1 ano";"1 ano e 5 meses";"60%";"96%"
"TJRN";82205;"NATAL";"RN";"1ª TURMA RECURSAL";"TR";"17.601";"19.474";"10,6%";"35";"29";"-17,1%";"8.825";"7.012";"339";"1.144";"6.401";"556";"2.853";"12.524";"1 ano";"1 ano e 4 meses";"73%";"79%"
"TJRN";11109;"SAO GONCALO DO AMARANTE";"RN";"JUIZADO ESPECIAL CÍVEL, CRIMINAL E DA FAZENDA PÚBLICA DA COMARCA DE SÃO GONÇALO DO AMARANTE";"G1, JE";"3.720";"3.479";"-6,5%";"20";"42";"110,0%";"2.405";"2.659";"2.880";"2.056";"1.516";"745";"502";"58";"1 ano e 1 Mes";"1 ano e 4 meses";"56%";"111%"
"TJRN";11087;"MACAU";"RN";"JUIZADO ESPECIAL CÍVEL, CRIMINAL E DA FAZENDA PÚBLICA DA COMARCA DE MACAU";"G1, JE";"2.685";"2.625";"-2,2%";"114";"12";"-89,5%";"1.623";"1.792";"3.320";"533";"1.579";"325";"261";"14";"1 ano e 1 Mes";"1 ano e 4 meses";"59%";"110%"
"TJRN";76594;"CURRAIS NOVOS";"RN";"1ª VARA DA COMARCA DE CURRAIS NOVOS";"G1, JE";"2.227";"2.246";"0,9%";"431";"347";"-19,5%";"1.743";"1.964";"4.286";"4.183";"1.505";"213";"301";"2";"1 ano e 4 meses";"1 ano e 4 meses";"49%";"113%"
"TJRN";84551;"GOIANINHA";"RN";"2ª VARA DA COMARCA DE GOIANINHA";"G1, JE";"3.783";"3.493";"-7,7%";"121";"79";"-34,7%";"943";"1.286";"2.296";"1.457";"1.017";"303";"374";"65";"3 anos e 6 meses";"1 ano e 4 meses";"73%";"136%"
"TJRN";5733;"MOSSORO";"RN";"1ª VARA DE FAMÍLIA DA COMARCA DE MOSSORÓ";"G1, JE";"1.186";"1.095";"-7,7%";"26";"17";"-34,6%";"1.034";"1.143";"4.155";"854";"957";"217";"2";"0";"1 ano";"1 ano e 4 meses";"49%";"111%"
"TJRN";5749;"MOSSORO";"RN";"3ª VARA DE FAMÍLIA DA COMARCA DE MOSSORÓ";"G1, JE";"1.211";"1.056";"-12,8%";"41";"12";"-70,7%";"1.048";"1.213";"3.103";"833";"1.087";"231";"5";"1";"1 ano";"1 ano e 3 meses";"46%";"116%"
"TJRN";5697;"MOSSORO";"RN";"5ª VARA CÍVEL DA COMARCA DE MOSSORÓ";"G1, JE";"2.244";"2.886";"28,6%";"469";"350";"-25,4%";"1.201";"500";"3.673";"2.048";"321";"214";"79";"13";"2 anos e 4 meses";"1 ano e 3 meses";"84%";"42%"
"TJRN";13277;"PARNAMIRIM";"RN";"2º JUIZADO ESPECIAL CÍVEL, CRIMINAL E DA FAZENDA PÚBLICA DA COMARCA DE PARNAMIRIM";"G1, JE";"2.329";"2.519";"8,2%";"125";"175";"40,0%";"2.240";"2.089";"9.254";"1.129";"1.615";"536";"132";"5";"11 meses";"1 ano e 3 meses";"53%";"93%"
"TJRN";5892;"PARNAMIRIM";"RN";"1º JUIZADO ESPECIAL CÍVEL, CRIMINAL E DA FAZENDA PÚBLICA DA COMARCA DE PARNAMIRIM";"G1, JE";"2.554";"2.626";"2,8%";"134";"163";"21,6%";"2.183";"2.072";"5.973";"1.200";"1.426";"583";"109";"8";"1 ano";"1 ano e 3 meses";"54%";"95%"
"TJRN";5977;"BARAUNA";"RN";"VARA ÚNICA DA COMARCA DE BARAÚNA";"G1, JE";"2.838";"4.658";"64,1%";"115";"270";"134,8%";"3.056";"1.430";"6.071";"3.758";"1.262";"205";"337";"108";"10 meses";"1 ano e 3 meses";"75%";"47%"
"TJRN";13275;"PARNAMIRIM";"RN";"JUIZADO DA VIOLÊNCIA DOMÉSTICA E FAMILIAR CONTRA A MULHER DA COMARCA DE PARNAMIRIM";"G1, JE";"2.621";"2.917";"11,3%";"418";"1.270";"203,8%";"1.058";"901";"2.194";"3.694";"354";"403";"189";"5";"1 ano e 6 meses";"1 ano e 3 meses";"65%";"85%"
"TJRN";76746;"PARNAMIRIM";"RN";"4º JUIZADO ESPECIAL CÍVEL, CRIMINAL E DA FAZENDA PÚBLICA DA COMARCA DE PARNAMIRIM";"G1, JE";"2.947";"2.838";"-3,7%";"99";"162";"63,6%";"2.124";"2.214";"5.084";"1.379";"1.631";"545";"171";"4";"1 ano";"1 ano e 3 meses";"55%";"104%"
"TJRN";84541;"EXTREMOZ";"RN";"2ª VARA DA COMARCA DE EXTREMOZ";"G1, JE";"4.152";"4.763";"14,7%";"138";"130";"-5,8%";"1.526";"558";"2.893";"2.820";"604";"338";"2.032";"52";"2 anos";"1 ano e 3 meses";"89%";"37%"
"TJRN";11093;"APODI";"RN";"JUIZADO ESPECIAL CÍVEL, CRIMINAL E DA FAZENDA PÚBLICA DA COMARCA DE APODI";"G1, JE";"2.790";"1.755";"-37,1%";"95";"34";"-64,2%";"2.194";"3.190";"3.516";"1.659";"2.420";"396";"188";"6";"9 meses";"1 ano e 3 meses";"35%";"145%"
"TJRN";77155;"NATAL";"RN";"3º JUIZADO DA VIOLÊNCIA DOMÉSTICA E FAMILIAR CONTRA A MULHER DA COMARCA DE NATAL";"G1, JE";"1.699";"2.007";"18,1%";"282";"246";"-12,8%";"1.008";"830";"3.024";"2.889";"324";"324";"47";"5";"1 ano e 11 meses";"1 ano e 3 meses";"68%";"82%"
"TJRN";77161;"NATAL";"RN";"12ª VARA CRIMINAL DA COMARCA DE NATAL";"G1, JE";"459";"539";"17,4%";"47";"32";"-31,9%";"293";"290";"834";"642";"296";"1";"68";"5";"11 meses";"1 ano e 3 meses";"64%";"99%"
"TJRN";4747;"NATAL";"RN";"17ª VARA CÍVEL DA COMARCA DE NATAL";"G1, JE";"1.588";"1.336";"-15,9%";"307";"202";"-34,2%";"1.229";"1.526";"3.095";"2.427";"1.191";"301";"20";"0";"10 meses";"1 ano e 3 meses";"43%";"124%"
"TJRN";77160;"NATAL";"RN";"7ª VARA CRIMINAL DA COMARCA DE NATAL";"G1, JE";"408";"476";"16,7%";"66";"58";"-12,1%";"281";"200";"1.352";"855";"179";"7";"28";"16";"1 ano e 7 meses";"1 ano e 3 meses";"68%";"71%"
"TJRN";76605;"APODI";"RN";"1ª VARA DA COMARCA DE APODI";"G1, JE";"1.640";"1.468";"-10,5%";"225";"193";"-14,2%";"1.900";"2.089";"3.447";"1.869";"1.523";"556";"107";"1";"11 meses";"1 ano e 2 meses";"38%";"110%"
"TJRN";11082;"AÇU";"RN";"JUIZADO ESPECIAL CÍVEL, CRIMINAL E DA FAZENDA PÚBLICA DA COMARCA DE AÇU";"G1, JE";"2.832";"2.818";"-0,5%";"85";"75";"-11,8%";"2.769";"3.003";"6.991";"1.179";"2.374";"765";"166";"83";"10 meses";"1 ano e 2 meses";"48%";"108%"
"TJRN";78560;"MOSSORO";"RN";"2ª VARA DE FAMÍLIA DA COMARCA DE MOSSORÓ";"G1, JE";"1.205";"1.043";"-13,4%";"24";"16";"-33,3%";"1.027";"1.253";"3.760";"679";"886";"235";"6";"0";"1 ano";"1 ano e 2 meses";"45%";"122%"
"TJRN";11083;"CAICO";"RN";"JUIZADO ESPECIAL CÍVEL, CRIMINAL E DA FAZENDA PÚBLICA DA COMARCA DE CAICÓ";"G1, JE";"5.566";"6.136";"10,2%";"196";"174";"-11,2%";"3.440";"3.125";"6.480";"2.714";"3.176";"391";"440";"182";"1 ano e 3 meses";"1 ano e 2 meses";"66%";"91%"
"TJRN";13285;"NATAL";"RN";"4º JUIZADO ESPECIAL CÍVEL DA COMARCA DE NATAL";"G1, JE";"1.847";"1.526";"-17,4%";"24";"12";"-50,0%";"2.121";"2.480";"7.297";"1.241";"1.402";"934";"3";"12";"11 meses";"1 ano e 2 meses";"38%";"117%"
"TJRN";83096;"MOSSORO";"RN";"5º JUIZADO ESPECIAL CÍVEL, CRIMINAL E DA FAZENDA PÚBLICA DA COMARCA DE MOSSORÓ";"G1, JE";"3.379";"2.975";"-12,0%";"106";"105";"-0,9%";"2.735";"3.007";"5.484";"2.524";"2.081";"502";"257";"4";"1 ano";"1 ano e 2 meses";"49%";"110%"
"TJRN";83095;"NATAL";"RN";"2º JUIZADO ESPECIAL CRIMINAL E DE TRÂNSITO DA COMARCA DE NATAL";"G1, JE";"2.425";"2.465";"1,6%";"18";"26";"44,4%";"1.290";"1.349";"1.428";"1.396";"1.586";"50";"127";"59";"1 ano e 4 meses";"1 ano e 2 meses";"64%";"105%"
"TJRN";84553;"CANGUARETAMA";"RN";"2ª VARA DA COMARCA DE CANGUARETAMA";"G1, JE";"2.882";"2.884";"0,1%";"147";"179";"21,8%";"1.218";"1.291";"4.022";"962";"1.022";"264";"106";"282";"2 anos e 3 meses";"1 ano e 2 meses";"68%";"106%"
"TJRN";13687;"PARNAMIRIM";"RN";"VARA DA INFÂNCIA E JUVENTUDE DA COMARCA DE PARNAMIRIM";"G1, JE";"624";"425";"-31,9%";"54";"69";"27,8%";"595";"536";"3.212";"1.063";"325";"142";"12";"4";"1 ano e 3 meses";"1 ano e 1 Mes";"40%";"90%"
"TJRN";11106;"SANTA CRUZ";"RN";"JUIZADO ESPECIAL CÍVEL, CRIMINAL E DA FAZENDA PÚBLICA DA COMARCA DE SANTA CRUZ";"G1, JE";"1.446";"1.774";"22,7%";"13";"12";"-7,7%";"1.273";"1.067";"2.876";"1.248";"1.362";"242";"217";"3";"11 meses";"1 ano e 1 Mes";"62%";"84%"
"TJRN";76745;"PARNAMIRIM";"RN";"3º JUIZADO ESPECIAL CÍVEL, CRIMINAL E DA FAZENDA PÚBLICA DA COMARCA DE PARNAMIRIM";"G1, JE";"2.497";"2.600";"4,1%";"88";"139";"58,0%";"2.238";"2.217";"6.539";"795";"1.718";"553";"136";"4";"10 meses";"1 ano e 1 Mes";"53%";"99%"
"TJRN";84118;"NATAL";"RN";"2ª TURMA RECURSAL";"TR";"15.572";"10.130";"-34,9%";"30";"35";"16,7%";"9.194";"14.649";"731";"2.596";"13.133";"1.264";"3.148";"2.527";"9 meses";"1 ano e 1 Mes";"41%";"159%"
"TJRN";13297;"MOSSORO";"RN";"2º JUIZADO ESPECIAL CÍVEL, CRIMINAL E DA FAZENDA PÚBLICA DA COMARCA DE MOSSORÓ";"G1, JE";"2.910";"2.852";"-2,0%";"49";"63";"28,6%";"2.792";"3.039";"6.434";"1.353";"2.565";"466";"178";"1";"10 meses";"1 ano e 1 Mes";"48%";"109%"
"TJRN";76595;"CURRAIS NOVOS";"RN";"2ª VARA DA COMARCA DE CURRAIS NOVOS";"G1, JE";"2.194";"2.407";"9,7%";"543";"504";"-7,2%";"2.085";"1.918";"8.054";"2.464";"1.654";"200";"133";"0";"10 meses";"1 ano e 1 Mes";"50%";"92%"
"TJRN";84303;"NISIA FLORESTA";"RN";"1ª VARA DA COMARCA DE NÍSIA FLORESTA";"G1, JE";"1.852";"1.673";"-9,7%";"30";"129";"330,0%";"1.237";"1.655";"3.764";"2.035";"1.202";"329";"29";"2";"1 ano e 10 meses";"1 ano";"48%";"134%"
"TJRN";83093;"NATAL";"RN";"UNIDADE JUDICIÁRIA DE DELITOS DE ORGANIZAÇÕES CRIMINOSAS";"G1, JE";"434";"602";"38,7%";"54";"85";"57,4%";"322";"260";"2.473";"1.708";"188";"169";"4";"2";"1 ano e 10 meses";"1 ano";"67%";"81%"
"TJRN";13298;"MOSSORO";"RN";"3º JUIZADO ESPECIAL CÍVEL, CRIMINAL E DA FAZENDA PÚBLICA DA COMARCA DE MOSSORÓ";"G1, JE";"2.844";"2.902";"2,0%";"43";"57";"32,6%";"2.850";"2.983";"7.651";"1.311";"2.469";"439";"243";"10";"9 meses";"1 ano";"49%";"105%"
"TJRN";81542;"PAU DOS FERROS";"RN";" CENTRAL DE FLAGRANTES DA COMARCA DE PAU DOS FERROS";"G1, JE";"0";"1";;"0";"0";;"14";"0";"5";"8";"0";"0";"0";"0";;"1 ano";"100%";"0%"
"TJRN";76972;"MOSSORO";"RN";"4º JUIZADO ESPECIAL CÍVEL, CRIMINAL E DA FAZENDA PÚBLICA DA COMARCA DE MOSSORÓ";"G1, JE";"2.754";"2.703";"-1,9%";"62";"74";"19,4%";"2.772";"3.038";"6.055";"1.615";"2.391";"545";"151";"2";"9 meses";"1 ano";"46%";"110%"
"TJRN";83094;"NATAL";"RN";"1º JUIZADO ESPECIAL CRIMINAL E DE TRÂNSITO DA COMARCA DE NATAL";"G1, JE";"2.041";"1.981";"-2,9%";"9";"23";"155,6%";"1.301";"1.470";"2.391";"855";"1.408";"70";"144";"4";"1 ano e 1 Mes";"11 meses";"57%";"113%"
"TJRN";5979;"CRUZETA";"RN";"VARA ÚNICA DA COMARCA DE CRUZETA";"G1, JE";"968";"1.031";"6,5%";"123";"103";"-16,3%";"1.207";"1.338";"1.777";"1.875";"1.017";"181";"58";"3";"10 meses";"11 meses";"41%";"111%"
"TJRN";79114;"NATAL";"RN";"(INATIVO) 3ª VARA DE FAMÍLIA E SUCESSÕES DA COMARCA DE NATAL";"G1";"1.304";"431";"-66,9%";"28";"1";"-96,4%";"846";"763";"4.023";"776";"618";"177";"0";"0";"1 ano e 5 meses";"11 meses";"36%";"90%"
"TJRN";85202;"NATAL";"RN";"3ª TURMA RECURSAL";"G2, TR";"18.161";"15.790";"-13,1%";"65";"122";"87,7%";"9.114";"11.478";"1.324";"2.080";"10.032";"280";"8.723";"2.222";"1 ano";"11 meses";"58%";"126%"
"TJRN";11085;"CURRAIS NOVOS";"RN";"JUIZADO ESPECIAL CÍVEL, CRIMINAL E DA FAZENDA PÚBLICA DA COMARCA DE CURRAIS NOVOS";"G1, JE";"1.642";"1.596";"-2,8%";"202";"163";"-19,3%";"1.715";"1.719";"4.300";"1.991";"1.610";"223";"95";"19";"8 meses";"11 meses";"45%";"100%"
"TJRN";11094;"AREIA BRANCA";"RN";"JUIZADO ESPECIAL CÍVEL, CRIMINAL E DA FAZENDA PÚBLICA DA COMARCA DE AREIA BRANCA";"G1, JE";"1.666";"1.355";"-18,7%";"53";"48";"-9,4%";"1.532";"1.824";"3.461";"2.019";"1.588";"270";"42";"3";"1 ano e 1 Mes";"11 meses";"42%";"119%"
"TJRN";5761;"MOSSORO";"RN";"VARA DA INFÂNCIA E JUVENTUDE DA COMARCA DE MOSSORÓ";"G1, JE";"374";"426";"13,9%";"37";"28";"-24,3%";"399";"301";"1.130";"554";"185";"113";"33";"7";"1 ano e 1 Mes";"11 meses";"57%";"75%"
"TJRN";18352;"NATAL";"RN";"3º JUIZADO ESPECIAL DA FAZENDA PÚBLICA DA COMARCA DE NATAL";"G1, JE";"6.744";"7.206";"6,9%";"383";"358";"-6,5%";"6.064";"5.732";"12.115";"4.092";"5.642";"317";"398";"0";"11 meses";"11 meses";"54%";"95%"
"TJRN";76687;"NATAL";"RN";"6º JUIZADO ESPECIAL DA FAZENDA PÚBLICA DA COMARCA DE NATAL";"G1, JE";"5.891";"6.780";"15,1%";"478";"401";"-16,1%";"5.622";"4.744";"11.940";"2.952";"4.958";"549";"243";"21";"1 ano";"11 meses";"57%";"84%"
"TJRN";17460;"NATAL";"RN";"1º JUIZADO ESPECIAL DA FAZENDA PÚBLICA DA COMARCA DE NATAL";"G1, JE";"6.431";"6.418";"-0,2%";"306";"358";"17,0%";"5.755";"4.745";"12.727";"3.120";"6.369";"366";"374";"0";"1 ano e 2 meses";"11 meses";"56%";"82%"
"TJRN";6003;"UPANEMA";"RN";"VARA ÚNICA DA COMARCA DE UPANEMA";"G1, JE";"2.120";"2.004";"-5,5%";"55";"105";"90,9%";"2.243";"2.426";"8.419";"1.828";"2.666";"173";"83";"0";"7 meses";"10 meses";"44%";"108%"
"TJRN";84304;"NISIA FLORESTA";"RN";"2ª VARA DA COMARCA DE NÍSIA FLORESTA";"G1, JE";"1.856";"1.607";"-13,4%";"93";"162";"74,2%";"1.376";"1.558";"2.934";"2.111";"1.277";"304";"40";"5";"1 ano e 9 meses";"10 meses";"48%";"113%"
"TJRN";13296;"MOSSORO";"RN";"1º JUIZADO ESPECIAL CÍVEL, CRIMINAL E DA FAZENDA PÚBLICA DA COMARCA DE MOSSORÓ";"G1, JE";"2.349";"2.403";"2,3%";"66";"74";"12,1%";"2.853";"2.919";"9.964";"1.117";"2.646";"469";"147";"2";"6 meses";"10 meses";"44%";"102%"
"TJRN";17461;"NATAL";"RN";"2º JUIZADO ESPECIAL DA FAZENDA PÚBLICA DA COMARCA DE NATAL";"G1, JE";"5.819";"6.811";"17,0%";"367";"467";"27,2%";"5.671";"4.468";"9.956";"2.649";"5.306";"300";"279";"6";"1 ano";"10 meses";"59%";"79%"
"TJRN";82567;"NATAL";"RN";"CEJUSC JUIZADOS - CENTRO JUDICIÁRIO DE SOLUÇÃO DE CONFLITOS DOS JUIZADOS ESPECIAIS DA COMARCA DE NATAL";"JE";"11";"16";"45,5%";"0";"0";;"981";"977";"1";"0";"975";"0";"9";"0";"0 anos";"10 meses";"2%";"100%"
"TJRN";75496;"NATAL";"RN";"4º JUIZADO ESPECIAL DA FAZENDA PÚBLICA DA COMARCA DE NATAL";"G1, JE";"5.406";"6.570";"21,5%";"383";"437";"14,1%";"5.414";"4.220";"7.864";"2.461";"4.827";"465";"213";"13";"1 ano";"10 meses";"59%";"78%"
"TJRN";75497;"NATAL";"RN";"5º JUIZADO ESPECIAL DA FAZENDA PÚBLICA DA COMARCA DE NATAL";"G1, JE";"4.891";"6.292";"28,6%";"245";"334";"36,3%";"5.613";"4.315";"10.861";"3.071";"4.394";"723";"257";"35";"10 meses";"9 meses";"58%";"77%"
"TJRN";76653;"JARDIM DE PIRANHAS";"RN";"CEJUSC AMARO CAVALCANTI - CENTRO JUDICIÁRIO DE SOLUÇÃO DE CONFLITOS E CIDADANIA DA COMARCA DE JARDIM DE PIRANHAS";"G1, JE";"50";"4";"-92,0%";"0";"0";;"34";"80";"36";"0";"53";"0";"2";"0";"5 meses";"9 meses";"5%";"235%"
"TJRN";11086;"JOAO CAMARA";"RN";"JUIZADO ESPECIAL CÍVEL, CRIMINAL E DA FAZENDA PÚBLICA DA COMARCA DE JOÃO CÂMARA";"G1, JE";"1.037";"1.103";"6,4%";"51";"19";"-62,7%";"1.284";"1.270";"2.434";"659";"1.045";"270";"105";"5";"7 meses";"9 meses";"46%";"99%"
"TJRN";4811;"NATAL";"RN";"2ª VARA DA INFÂNCIA E JUVENTUDE DA COMARCA DE NATAL";"G1, JE";"455";"592";"30,1%";"9";"16";"77,8%";"686";"587";"5.922";"840";"459";"163";"7";"1";"6 meses";"9 meses";"49%";"86%"
"TJRN";4808;"NATAL";"RN";"1ª VARA DA INFÂNCIA E JUVENTUDE DA COMARCA DE NATAL";"G1, JE";"393";"367";"-6,6%";"35";"45";"28,6%";"326";"389";"1.684";"515";"204";"163";"3";"20";"1 ano e 1 Mes";"8 meses";"45%";"119%"
"TJRN";83097;"NATAL";"RN";"6º JUIZADO ESPECIAL CÍVEL DA COMARCA DE NATAL";"G1, JE";"1.445";"1.406";"-2,7%";"5";"25";"400,0%";"2.457";"2.505";"6.201";"1.620";"1.848";"478";"9";"20";"6 meses";"8 meses";"36%";"102%"
"TJRN";13288;"NATAL";"RN";"7º JUIZADO ESPECIAL CÍVEL DA COMARCA DE NATAL";"G1, JE";"1.029";"1.259";"22,4%";"18";"28";"55,6%";"2.379";"2.185";"8.304";"642";"1.516";"314";"7";"3";"4 meses";"8 meses";"36%";"92%"
"TJRN";11089;"PAU DOS FERROS";"RN";"JUIZADO ESPECIAL CÍVEL, CRIMINAL E DA FAZENDA PÚBLICA DA COMARCA DE PAU DOS FERROS";"G1, JE";"1.971";"1.170";"-40,6%";"31";"40";"29,0%";"2.876";"3.373";"3.021";"1.111";"3.055";"853";"66";"0";"4 meses";"7 meses";"25%";"117%"
"TJRN";86568;"NATAL";"RN";"PLANTÃO DIURNO CÍVEL E CRIMINAL DA REGIÃO IX";"G1, JE";"1";"3";"200,0%";"0";"0";;"127";"0";"31";"121";"1";"0";"1";"0";"0 anos";"7 meses";"100%";"0%"
"TJRN";53368;"NATAL";"RN";"GABINETE DO DESEMBARGADOR VIVALDO PINHEIRO";"G2";"2.430";"2.795";"15,0%";"408";"601";"47,3%";"3.087";"2.879";"3.041";"1.637";"2.674";"368";"9";"35";"6 meses";"7 meses";"43%";"93%"
"TJRN";13293;"NATAL";"RN";"12º JUIZADO ESPECIAL CÍVEL DA COMARCA DE NATAL";"G1, JE";"962";"984";"2,3%";"18";"35";"94,4%";"2.384";"2.382";"5.879";"1.884";"1.437";"533";"10";"1";"4 meses";"7 meses";"28%";"100%"
"TJRN";53373;"NATAL";"RN";"VICE-PRESIDÊNCIA";"G2, TR";"33";"38";"15,2%";"1";"3";"200,0%";"26";"76";"1.291";"11.188";"1.530";"591";"5";"9";"2 anos e 3 meses";"7 meses";"55%";"292%"
"TJRN";13284;"NATAL";"RN";"13º JUIZADO ESPECIAL CÍVEL DA COMARCA DE NATAL";"G1, JE";"870";"803";"-7,7%";"3";"3";"0,0%";"2.393";"2.482";"2.670";"3.532";"1.961";"678";"4";"0";"4 meses";"6 meses";"24%";"104%"
"TJRN";53361;"NATAL";"RN";"GABINETE DO DESEMBARGADOR EXPEDITO FERREIRA DE SOUZA";"G2";"2.158";"2.467";"14,3%";"355";"575";"62,0%";"3.152";"2.853";"4.161";"1.612";"2.585";"340";"27";"88";"5 meses";"6 meses";"40%";"91%"
"TJRN";53369;"NATAL";"RN";"GABINETE DA DESEMBARGADORA LOURDES DE AZEVEDO";"G2";"2.156";"2.973";"37,9%";"350";"562";"60,6%";"3.194";"2.392";"3.234";"1.789";"2.740";"294";"13";"117";"8 meses";"6 meses";"50%";"75%"
"TJRN";53360;"NATAL";"RN";"GABINETE DO DESEMBARGADOR DILERMANDO MOTA";"G2";"2.433";"2.732";"12,3%";"328";"526";"60,4%";"3.016";"2.865";"3.180";"1.394";"2.760";"414";"14";"108";"6 meses";"6 meses";"44%";"95%"
"TJRN";53371;"NATAL";"RN";"PRESIDÊNCIA";"G2";"62";"52";"-16,1%";"1";"0";"-100,0%";"61";"65";"298";"55";"18";"12";"1";"1";"5 meses";"6 meses";"44%";"107%"
"TJRN";13289;"NATAL";"RN";"8º JUIZADO ESPECIAL CÍVEL DA COMARCA DE NATAL";"G1, JE";"969";"1.159";"19,6%";"17";"22";"29,4%";"2.261";"2.074";"6.255";"710";"1.321";"496";"5";"4";"5 meses";"6 meses";"35%";"92%"
"TJRN";5153;"NATAL";"RN";"3º JUIZADO ESPECIAL CÍVEL DA COMARCA DE NATAL";"G1, JE";"1.117";"1.219";"9,1%";"14";"36";"157,1%";"2.375";"2.343";"8.245";"1.212";"1.736";"465";"5";"4";"5 meses";"6 meses";"34%";"99%"
"TJRN";13286;"NATAL";"RN";"5º JUIZADO ESPECIAL CÍVEL DA COMARCA DE NATAL";"G1, JE";"885";"1.050";"18,6%";"4";"2";"-50,0%";"2.371";"2.258";"6.441";"1.032";"1.319";"503";"8";"5";"4 meses";"6 meses";"32%";"95%"
"TJRN";13282;"NATAL";"RN";"1º JUIZADO ESPECIAL CÍVEL DA COMARCA DE NATAL";"G1, JE";"938";"1.139";"21,4%";"6";"27";"350,0%";"2.404";"2.242";"8.238";"968";"1.279";"420";"15";"12";"4 meses";"6 meses";"33%";"93%"
"TJRN";53358;"NATAL";"RN";"GABINETE DO DESEMBARGADOR CLAUDIO SANTOS";"G2";"2.097";"2.238";"6,7%";"306";"393";"28,4%";"3.183";"2.999";"2.179";"1.577";"2.812";"309";"16";"77";"5 meses";"6 meses";"38%";"94%"
"TJRN";53370;"NATAL";"RN";"GABINETE DA DESEMBARGADORA BERENICE CAPUXÚ";"G2";"2.402";"2.804";"16,7%";"304";"590";"94,1%";"3.317";"2.759";"3.961";"2.050";"2.526";"221";"11";"58";"6 meses";"6 meses";"45%";"83%"
"TJRN";53357;"NATAL";"RN";"GABINETE DO DESEMBARGADOR AMÍLCAR MAIA";"G2";"2.119";"2.514";"18,6%";"372";"580";"55,9%";"3.019";"2.683";"3.408";"1.551";"2.677";"582";"12";"47";"5 meses";"6 meses";"42%";"89%"
"TJRN";77266;"NATAL";"RN";"14º JUIZADO ESPECIAL CÍVEL DA COMARCA DE NATAL";"G1, JE";"1.080";"1.087";"0,6%";"11";"54";"390,9%";"2.296";"2.342";"1.443";"5.560";"1.729";"489";"12";"4";"4 meses";"6 meses";"31%";"102%"
"TJRN";53367;"NATAL";"RN";"GABINETE DO DESEMBARGADOR VIRGÍLIO MACÊDO JUNIOR";"G2";"2.307";"2.589";"12,2%";"305";"439";"43,9%";"3.096";"2.842";"3.121";"1.531";"2.377";"272";"13";"70";"5 meses";"6 meses";"43%";"92%"
"TJRN";53359;"NATAL";"RN";"GABINETE DO DESEMBARGADOR CORNÉLIO ALVES";"G2";"2.066";"2.264";"9,6%";"316";"453";"43,4%";"3.105";"2.959";"1.515";"1.683";"2.667";"447";"12";"89";"5 meses";"6 meses";"38%";"95%"
"TJRN";13283;"NATAL";"RN";"2º JUIZADO ESPECIAL CÍVEL DA COMARCA DE NATAL";"G1, JE";"824";"938";"13,8%";"7";"5";"-28,6%";"2.367";"2.312";"7.972";"1.643";"1.164";"614";"4";"3";"3 meses";"5 meses";"29%";"98%"
"TJRN";13290;"NATAL";"RN";"9º JUIZADO ESPECIAL CÍVEL DA COMARCA DE NATAL";"G1, JE";"1.089";"1.041";"-4,4%";"24";"10";"-58,3%";"2.343";"2.350";"7.099";"727";"1.479";"583";"8";"10";"5 meses";"5 meses";"30%";"100%"
"TJRN";53356;"NATAL";"RN";"GABINETE DO DESEMBARGADOR AMAURY MOURA SOBRINHO";"G2";"2.280";"2.262";"-0,8%";"409";"294";"-28,1%";"3.090";"3.160";"2.894";"1.742";"3.163";"207";"20";"8";"5 meses";"5 meses";"38%";"102%"
"TJRN";53364;"NATAL";"RN";"GABINETE DO DESEMBARGADOR IBANEZ MONTEIRO";"G2";"1.683";"2.018";"19,9%";"260";"339";"30,4%";"2.921";"2.791";"1.986";"1.280";"2.736";"265";"16";"6";"4 meses";"5 meses";"38%";"96%"
"TJRN";53365;"NATAL";"RN";"GABINETE DO DESEMBARGADOR JOÃO REBOUÇAS";"G2";"2.031";"2.300";"13,2%";"364";"588";"61,5%";"3.324";"2.910";"2.254";"1.796";"3.125";"250";"14";"6";"4 meses";"5 meses";"37%";"88%"
"TJRN";53426;"NATAL";"RN";"CEJUSC NATAL - CENTRO JUDICIÁRIO DE SOLUÇÃO DE CONFLITOS E CIDADANIA DA COMARCA DE NATAL";"JE";"0";"5";;"0";"0";;"5";"0";"5";"0";"0";"0";"0";"0";;"5 meses";"100%";"0%"
"TJRN";84539;"EXTREMOZ";"RN";"JUIZADO ESPECIAL CÍVEL, CRIMINAL E DA FAZENDA PÚBLICA DA COMARCA DE EXTREMOZ";"G1, JE";"743";"723";"-2,7%";"44";"46";"4,5%";"1.634";"1.749";"4.295";"2.473";"1.695";"392";"21";"1";"5 meses";"5 meses";"28%";"107%"
"TJRN";13291;"NATAL";"RN";"10º JUIZADO ESPECIAL CÍVEL DA COMARCA DE NATAL";"G1, JE";"901";"879";"-2,4%";"20";"52";"160,0%";"2.266";"2.295";"4.405";"3.424";"1.857";"494";"4";"1";"4 meses";"5 meses";"26%";"101%"
"TJRN";86588;"NATAL";"RN";"PLANTÃO DIURNO CÍVEL DA REGIÃO I";"G1, JE";"4";"23";"475,0%";"0";"0";;"584";"33";"229";"546";"4";"25";"2";"1";"0 anos";"5 meses";"41%";"6%"
"TJRN";13292;"NATAL";"RN";"11º JUIZADO ESPECIAL CÍVEL DA COMARCA DE NATAL";"G1, JE";"1.239";"799";"-35,5%";"18";"1";"-94,4%";"2.505";"2.856";"2.746";"4.169";"2.143";"763";"17";"1";"4 meses";"5 meses";"22%";"114%"
"TJRN";86561;"NATAL";"RN";"PLANTÃO DIURNO CRIMINAL DA REGIÃO II";"G1, JE";"1";"5";"400,0%";"0";"0";;"725";"25";"288";"626";"4";"3";"1";"0";"0 anos";"5 meses";"17%";"3%"
"TJRN";53362;"NATAL";"RN";"GABINETE DO DESEMBARGADOR GILSON BARBOSA";"G2";"1.030";"825";"-19,9%";"10";"7";"-30,0%";"1.981";"2.185";"3.245";"973";"1.776";"253";"12";"2";"5 meses";"4 meses";"27%";"110%"
"TJRN";4813;"NATAL";"RN";"3ª VARA DA INFÂNCIA E JUVENTUDE DA COMARCA DE NATAL";"G1";"334";"291";"-12,9%";"85";"60";"-29,4%";"416";"534";"1.835";"536";"172";"375";"7";"3";"5 meses";"4 meses";"30%";"128%"
"TJRN";88245;"PARNAMIRIM";"RN";"2ª VARA DA FAZENDA PÚBLICA DA COMARCA DE PARNAMIRIM";"G1";"0";"2";;"0";"0";;"0";"19";"0";"0";"0";"0";"0";"0";;"4 meses";"10%";
"TJRN";53366;"NATAL";"RN";"GABINETE DO DESEMBARGADOR SARAIVA SOBRINHO";"G2";"562";"557";"-0,9%";"21";"14";"-33,3%";"1.828";"2.004";"3.444";"777";"1.654";"281";"15";"0";"3 meses";"3 meses";"21%";"110%"
"TJRN";53363;"NATAL";"RN";"GABINETE DO DESEMBARGADOR GLAUBER RÊGO";"G2";"662";"604";"-8,8%";"10";"10";"0,0%";"1.749";"2.060";"2.517";"730";"1.664";"325";"9";"0";"3 meses";"3 meses";"22%";"118%"
"TJRN";53428;"PARNAMIRIM";"RN";"CEJUSC PARNAMIRIM - CENTRO JUDICIÁRIO DE SOLUÇÃO DE CONFLITOS E CIDADANIA DA COMARCA DE PARNAMIRIM";"JE";"29";"13";"-55,2%";"0";"0";;"105";"122";"13";"3";"74";"0";"1";"0";"4 meses";"3 meses";"10%";"116%"
"TJRN";88260;"PARNAMIRIM";"RN";"1ª VARA DA FAZENDA PÚBLICA DA COMARCA DE PARNAMIRIM";"G1";"0";"5";;"0";"0";;"0";"23";"0";"0";"0";"0";"0";"0";;"3 meses";"18%";
"TJRN";87475;"NATAL";"RN";" CEJUSC UNIRN - PRÉ-PROCESSUAL - CENTRO JUDICIÁRIO DE SOLUÇÃO DE CONFLITOS DA UNIRN DA COMARCA DE NATAL";"JE";"0";"1";;"0";"0";;"1";"1";"1";"0";"1";"0";"0";"0";"5 meses";"3 meses";"50%";"100%"
"TJRN";53352;"NATAL";"RN";"1ª CÂMARA CÍVEL";"TR";"12";"10";"-16,7%";"0";"0";;"50";"7";"21";"49";"4";"6";"0";"0";"4 meses";"3 meses";"59%";"14%"
"TJRN";86589;"NATAL";"RN";"PLANTÃO NOTURNO CÍVEL E CRIMINAL";"G1, JE";"5";"17";"240,0%";"0";"0";;"713";"49";"78";"682";"2";"30";"2";"0";"0 anos";"3 meses";"26%";"7%"
"TJRN";87922;"MOSSORO";"RN";"4ª VARA CRIMINAL DA COMARCA DE MOSSORÓ";"G1, JE";"4";"658";"16.350,0%";"0";"86";;"20";"10";"400";"119";"54";"0";"0";"0";"4 anos e 3 meses";"3 meses";"98%";"50%"
"TJRN";53354;"NATAL";"RN";"3ª CÂMARA CÍVEL";"TR";"5";"8";"60,0%";"0";"0";;"52";"7";"11";"56";"1";"4";"0";"0";"0 anos";"3 meses";"53%";"13%"
"TJRN";84579;"NATAL";"RN";"NÚCLEO DE EXECUÇÕES FISCAIS ESTADUAIS 4.0";"G1, JE";"214";"1.861";"769,6%";"4";"13";"225,0%";"1.754";"8";"1.127";"158";"2";"8";"89";"10";"4 meses";"2 meses";"100%";"0%"
"TJRN";86563;"NATAL";"RN";"PLANTÃO DIURNO CÍVEL E CRIMINAL DA REGIÃO IV";"G1, JE";"1";"5";"400,0%";"0";"0";;"330";"10";"134";"296";"3";"2";"0";"0";"0 anos";"2 meses";"33%";"3%"
"TJRN";86564;"NATAL";"RN";"PLANTÃO DIURNO CÍVEL E CRIMINAL DA REGIÃO V";"G1, JE";"0";"4";;"0";"0";;"147";"0";"87";"144";"0";"2";"0";"0";"0 anos";"2 meses";"100%";"0%"
"TJRN";85157;"NATAL";"RN";" CEJUSC ZONA NORTE - CENTRO JUDICIÁRIO DE SOLUÇÃO DE CONFLITOS DA ZONA NORTE DA COMARCA DE NATAL";"JE";"0";"8";;"0";"0";;"29";"21";"10";"2";"25";"0";"0";"0";"0 anos";"2 meses";"28%";"72%"
"TJRN";53353;"NATAL";"RN";"2ª CÂMARA CÍVEL";"TR";"10";"11";"10,0%";"0";"0";;"34";"5";"11";"35";"0";"8";"0";"0";"0 anos";"2 meses";"69%";"15%"
"TJRN";88243;"PARNAMIRIM";"RN";"3ª VARA CRIMINAL DA COMARCA DE PARNAMIRIM";"G1";"0";"1";;"0";"0";;"0";"9";"0";"0";"0";"0";"0";"0";;"1 Mes";"10%";
"TJRN";77166;"NATAL";"RN";"14ª VARA CRIMINAL DA COMARCA DE NATAL";"G1, JE";"1";"2";"100,0%";"0";"0";;"0";"0";"1";"1";"0";"0";"0";"0";;"1 Mes";"100%";
"TJRN";53355;"NATAL";"RN";"CÂMARA CRIMINAL";"TR";"1";"1";"0,0%";"0";"0";;"7";"2";"5";"6";"1";"0";"0";"0";"1 Mes";"0 anos";"33%";"29%"
"TJRN";4753;"NATAL";"RN";"(INATIVO) 21ª VARA CÍVEL DA COMARCA DE NATAL";"G1";"0";"0";;"0";"0";;"0";"0";"0";"0";"0";"0";"0";"0";;;;
"TJRN";4754;"NATAL";"RN";"(INATIVO) 1ª VARA DE FAMÍLIA DA COMARCA DE NATAL";"G1";"1";"1";"0,0%";"0";"0";;"0";"0";"0";"0";"0";"0";"0";"0";;;;
"TJRN";4757;"NATAL";"RN";"(INATIVO) 2ª VARA DE FAMÍLIA DA COMARCA DE NATAL";"G1";"0";"0";;"0";"0";;"0";"0";"0";"0";"0";"0";"0";"0";;;;
"TJRN";4758;"NATAL";"RN";"(INATIVO) 3ª VARA DE FAMÍLIA DA COMARCA DE NATAL";"G1";"0";"0";;"0";"0";;"0";"0";"0";"0";"0";"0";"0";"0";;;;
"TJRN";4760;"NATAL";"RN";"(INATIVO) 4ª VARA DE FAMÍLIA DA COMARCA DE NATAL";"G1";"0";"0";;"0";"0";;"0";"0";"0";"0";"0";"0";"0";"0";;;;
"TJRN";4762;"NATAL";"RN";"(INATIVO) 5ª VARA DE FAMÍLIA DA COMARCA DE NATAL";"G1";"1";"1";"0,0%";"0";"0";;"0";"0";"0";"0";"0";"0";"0";"0";;;;
"TJRN";4763;"NATAL";"RN";"(INATIVO) 6ª VARA DE FAMÍLIA DA COMARCA DE NATAL";"G1";"0";"0";;"0";"0";;"0";"0";"0";"0";"0";"0";"0";"0";;;;
"TJRN";4817;"NATAL";"RN";"(INATIVO) 3ª VARA CRIMINAL DA COMARCA DE NATAL";"G1";"2";"2";"0,0%";"0";"0";;"0";"0";"0";"0";"0";"0";"0";"0";;;;
"TJRN";4818;"NATAL";"RN";"(INATIVO) 4ª VARA CRIMINAL DA COMARCA DE NATAL";"G1";"0";"0";;"0";"0";;"0";"0";"0";"0";"0";"0";"0";"0";;;;
"TJRN";4828;"NATAL";"RN";"(INATIVO) 8ª VARA CRIMINAL DA COMARCA DE NATAL";"G1";"0";"0";;"0";"0";;"0";"0";"0";"0";"0";"0";"0";"0";;;;
"TJRN";4830;"NATAL";"RN";"(INATIVO) 9ª VARA CRIMINAL DA COMARCA DE NATAL";"G1, JE";"0";"0";;"0";"0";;"0";"0";"0";"0";"0";"0";"0";"0";;;;
"TJRN";4834;"NATAL";"RN";"(INATIVO) 12ª VARA CRIMINAL DA COMARCA DE NATAL";"G1";"0";"0";;"0";"0";;"0";"0";"0";"0";"0";"0";"0";"0";;;;
"TJRN";5532;"NATAL";"RN";"(INATIVO) 8ª VARA DE FAMÍLIA DA COMARCA DE NATAL";"G1";"1";"1";"0,0%";"0";"0";;"0";"0";"0";"0";"0";"0";"0";"0";;;;
"TJRN";5538;"NATAL";"RN";"(INATIVO) 3ª VARA CRIMINAL DO DISTRITO JUDICIÁRIO DA ZONA NORTE DA COMARCA DE NATAL";"G1";"0";"0";;"0";"0";;"0";"0";"0";"0";"0";"0";"0";"0";;;;
"TJRN";5587;"NATAL";"RN";"(INATIVO) 1ª VARA CRIMINAL DO DISTRITO JUDICIÁRIO DA ZONA SUL DA COMARCA DE NATAL";"G1";"0";"0";;"0";"0";;"0";"0";"0";"0";"0";"0";"0";"0";;;;
"TJRN";5591;"NATAL";"RN";"(INATIVO) 2ª VARA CRIMINAL DO DISTRITO JUDICIÁRIO DA ZONA SUL DA COMARCA DE NATAL";"G1, JE";"1";"0";"-100,0%";"0";"0";;"0";"0";"0";"0";"0";"0";"0";"0";;;;
"TJRN";5621;"AÇU";"RN";"(INATIVO) 2ª VARA CÍVEL DA COMARCA DE AÇU";"G1";"3";"0";"-100,0%";"0";"0";;"0";"1";"0";"0";"0";"0";"0";"0";;;"0%";
"TJRN";5631;"CAICO";"RN";"(INATIVO) 2ª VARA CÍVEL E DE INFÂNCIA E JUVENTUDE DA COMARCA DE CAICÓ";"G1";"1";"0";"-100,0%";"0";"0";;"0";"0";"0";"0";"0";"0";"0";"0";;;;
"TJRN";5636;"CAICO";"RN";"(INATIVO) VARA CRIMINAL E DE VIOLÊNCIA DOMÉSTICA E FAMILIAR CONTRA A MULHER DA COMARCA DE CAICÓ";"G1";"1";"0";"-100,0%";"0";"0";;"0";"0";"0";"0";"0";"0";"0";"0";;;;
"TJRN";5654;"CURRAIS NOVOS";"RN";"(INATIVO) VARA CRIMINAL DA COMARCA DE CURRAIS NOVOS";"G1";"0";"0";;"0";"0";;"0";"0";"0";"0";"0";"0";"0";"0";;;;
"TJRN";5737;"MOSSORO";"RN";"(INATIVO) 2ª VARA DE FAMÍLIA DA COMARCA DE MOSSORÓ";"G1";"0";"0";;"0";"0";;"0";"0";"0";"0";"0";"0";"0";"0";;;;
"TJRN";5753;"MOSSORO";"RN";"(INATIVO) 4ª VARA DE FAMÍLIA DA COMARCA DE MOSSORÓ";"G1";"0";"0";;"0";"0";;"0";"0";"0";"0";"0";"0";"0";"0";;;;
"TJRN";5778;"MOSSORO";"RN";"3ª VARA REGIONAL DE EXECUÇÃO PENAL DA COMARCA DE MOSSORÓ";"G1";"0";"0";;"0";"0";;"0";"0";"0";"0";"0";"0";"0";"0";;;;
"TJRN";5782;"MOSSORO";"RN";"(INATIVO) 4ª VARA CRIMINAL DA COMARCA DE MOSSORÓ";"G1, JE";"9";"9";"0,0%";"0";"0";;"0";"0";"0";"0";"0";"0";"0";"0";;;;
"TJRN";5818;"NOVA CRUZ";"RN";"(INATIVO) VARA CRIMINAL DA COMARCA DE NOVA CRUZ";"G1";"1";"1";"0,0%";"0";"0";;"0";"0";"0";"0";"0";"0";"0";"0";;;;
"TJRN";5823;"PAU DOS FERROS";"RN";"(INATIVO) 2ª VARA CÍVEL E DE INFÂNCIA E JUVENTUDE DA COMARCA DE PAU DOS FERROS";"G1";"1";"0";"-100,0%";"0";"0";;"0";"1";"0";"0";"0";"0";"0";"0";;;"0%";
"TJRN";5824;"PAU DOS FERROS";"RN";"(INATIVO) VARA CRIMINAL DA COMARCA DE PAU DOS FERROS";"G1";"0";"0";;"0";"0";;"0";"0";"0";"0";"0";"0";"0";"0";;;;
"TJRN";5827;"APODI";"RN";"(INATIVO) VARA CRIMINAL DA COMARCA DE APODI";"G1";"0";"0";;"0";"0";;"0";"0";"0";"0";"0";"0";"0";"0";;;;
"TJRN";5838;"AREIA BRANCA";"RN";"(INATIVO) VARA CRIMINAL DA COMARCA DE AREIA BRANCA";"G1";"2";"0";"-100,0%";"1";"0";"-100,0%";"0";"1";"0";"0";"0";"0";"0";"1";;;"0%";
"TJRN";5989;"PEDRO AVELINO";"RN";"(AGREGADA) VARA ÚNICA DA COMARCA DE PEDRO AVELINO";"G1";"1";"0";"-100,0%";"0";"0";;"0";"0";"0";"0";"0";"0";"0";"0";;;;
"TJRN";5997;"SAO RAFAEL";"RN";"(AGREGADA) VARA ÚNICA DA COMARCA DE SÃO RAFAEL";"G1";"0";"0";;"0";"0";;"0";"0";"0";"0";"0";"0";"0";"0";;;;
"TJRN";6077;"MACAIBA";"RN";"(INATIVO) 2ª VARA CÍVEL DA COMARCA DE MACAÍBA";"G1";"1";"0";"-100,0%";"0";"0";;"0";"0";"0";"0";"0";"0";"0";"0";;;;
"TJRN";11664;"NATAL";"RN";"(INATIVO) 2ª VARA DE SUCESSÕES DA COMARCA DE NATAL";"G1";"0";"0";;"0";"0";;"0";"0";"0";"0";"0";"0";"0";"0";;;;
"TJRN";11665;"NATAL";"RN";"(INATIVO) 2ª VARA DE SUCESSÕES DA COMARCA DE NATAL";"G1";"2";"1";"-50,0%";"1";"0";"-100,0%";"0";"0";"0";"0";"0";"0";"0";"0";;;;
"TJRN";13276;"PARNAMIRIM";"RN";"(INATIVO) JUIZADO ESPECIAL CRIMINAL DA COMARCA DE PARNAMIRIM";"G1, JE";"3";"2";"-33,3%";"0";"0";;"0";"0";"0";"0";"0";"0";"0";"0";;;;
"TJRN";13279;"NATAL";"RN";"(INATIVO) 2º JUIZADO ESPECIAL CÍVEL DO DISTRITO JUDICIÁRIO DA ZONA NORTE DA COMARCA DE NATAL";"JE";"0";"0";;"0";"0";;"0";"0";"0";"0";"0";"0";"0";"0";;;;
"TJRN";13281;"NATAL";"RN";"(INATIVO) JUIZADO ESPECIAL CRIMINAL DO DISTRITO JUDICIÁRIO DA ZONA NORTE DA COMARCA DE NATAL";"G1, JE";"0";"0";;"0";"0";;"0";"0";"0";"0";"0";"0";"0";"0";;;;
"TJRN";13287;"NATAL";"RN";"(INATIVO) 6º JUIZADO ESPECIAL CÍVEL DA COMARCA DE NATAL";"G1, JE";"0";"0";;"0";"0";;"0";"0";"0";"0";"0";"0";"0";"0";;;;
"TJRN";18353;"NATAL";"RN";"(INATIVO) 2º JUIZADO ESPECIAL CRIMINAL CENTRAL DA COMARCA DE NATAL";"JE";"0";"0";;"0";"0";;"0";"0";"0";"0";"0";"0";"0";"0";;;;
"TJRN";18404;"NATAL";"RN";"(INATIVO) CENTRAL DE EXECUÇÃO DE PENAS ALTERNATIVAS DA COMARCA DE NATAL";"G1";"0";"0";;"0";"0";;"0";"0";"0";"0";"0";"0";"0";"0";;;;
"TJRN";51693;"NATAL";"RN";"(INATIVO) 1ª TURMA RECURSAL";"TR";"0";"0";;"0";"0";;"0";"0";"0";"0";"0";"0";"0";"0";;;;
"TJRN";51694;"NATAL";"RN";"(INATIVO) 2ª TURMA RECURSAL";"TR";"0";"0";;"0";"0";;"0";"0";"0";"0";"0";"0";"0";"0";;;;
"TJRN";51695;"NATAL";"RN";"(INATIVO) 3ª TURMA RECURSAL";"TR";"0";"0";;"0";"0";;"0";"0";"0";"0";"0";"0";"0";"0";;;;
"TJRN";53377;"NATAL";"RN";"SEÇÃO CÍVEL";"TR";"0";"0";;"0";"0";;"0";"0";"0";"0";"0";"0";"0";"0";;;;
"TJRN";53427;"MOSSORO";"RN";"CEJUSC OESTE - CENTRO JUDICIÁRIO DE SOLUÇÃO DE CONFLITOS E CIDADANIA DA COMARCA DE MOSSORÓ";"JE";"3";"0";"-100,0%";"0";"0";;"6";"9";"0";"2";"5";"0";"0";"0";"2 meses";;"0%";"150%"
"TJRN";72991;"SAO GONCALO DO AMARANTE";"RN";"POSTO AVANÇADO DO JUIZADO DO AEROPORTO DA COMARCA DE SÃO GONÇALO DO AMARANTE";"JE";"2";"0";"-100,0%";"0";"0";;"0";"2";"0";"0";"1";"1";"0";"0";"2 anos e 1 Mes";;"0%";
"TJRN";75524;"CAICO";"RN";"CEJUSC CAICÓ - CENTRO JUDICIÁRIO DE SOLUÇÃO DE CONFLITOS E CIDADANIA DA COMARCA DE CAICÓ";"JE";"0";"0";;"0";"0";;"3";"4";"0";"0";"4";"0";"0";"0";"1 Mes";;"0%";"133%"
"TJRN";75531;"PAU DOS FERROS";"RN";"CEJUSC PAU DOS FERROS - CENTRO JUDICIÁRIO DE SOLUÇÃO DE CONFLITOS E CIDADANIA DA COMARCA DE PAU DOS FERROS";"G1";"1";"0";"-100,0%";"0";"0";;"0";"0";"0";"0";"0";"0";"0";"0";;;;
"TJRN";77170;"NATAL";"RN";"1ª VARA REGIONAL DE EXECUÇÃO PENAL";"G1";"0";"0";;"0";"0";;"0";"0";"0";"0";"0";"0";"0";"0";;;;
"TJRN";77267;"NATAL";"RN";"(INATIVO) 15º JUIZADO ESPECIAL CÍVEL DA COMARCA DE NATAL";"G1, JE";"0";"0";;"0";"0";;"0";"0";"0";"0";"0";"0";"0";"0";;;;
"TJRN";77268;"NATAL";"RN";"(INATIVO) 16º JUIZADO ESPECIAL CÍVEL DA COMARCA DE NATAL";"G1, JE";"0";"0";;"0";"0";;"0";"0";"0";"0";"0";"0";"0";"0";;;;
"TJRN";81540;"MOSSORO";"RN";" CENTRAL DE FLAGRANTES DA COMARCA DE MOSSORÓ";"G1, JE";"0";"0";;"0";"0";;"12";"0";"1";"7";"0";"0";"0";"0";;;;"0%"
"TJRN";81541;"CAICO";"RN";" CENTRAL DE FLAGRANTES DA COMARCA DE CAICÓ";"G1, JE";"0";"0";;"0";"0";;"5";"0";"2";"3";"0";"0";"0";"0";;;;"0%"
"TJRN";82206;"NATAL";"RN";"(INATIVO) TURMA RECURSAL PROVISÓRIA";"TR";"4";"0";"-100,0%";"0";"0";;"0";"1";"0";"1";"0";"0";"0";"0";;;"0%";
"TJRN";85753;"NATAL";"RN";"2ª CENTRAL DE FLAGRANTES DA COMARCA DE NATAL";"G1, JE";"0";"0";;"0";"0";;"19";"0";"0";"17";"0";"0";"0";"0";;;;"0%"
"TJRN";86562;"NATAL";"RN";"PLANTÃO DIURNO CÍVEL E CRIMINAL DA REGIÃO III";"G1, JE";"0";"0";;"0";"0";;"512";"18";"278";"495";"2";"5";"0";"0";"0 anos";;"0%";"4%"
"TJRN";86565;"NATAL";"RN";"PLANTÃO DIURNO CÍVEL E CRIMINAL DA REGIÃO VI";"G1, JE";"0";"0";;"0";"0";;"114";"5";"44";"112";"1";"3";"0";"0";"0 anos";;"0%";"4%"
"TJRN";86566;"NATAL";"RN";"PLANTÃO DIURNO CÍVEL E CRIMINAL DA REGIÃO VII";"G1, JE";"0";"0";;"0";"0";;"183";"3";"101";"165";"7";"1";"0";"0";"0 anos";;"0%";"2%"
"TJRN";86567;"NATAL";"RN";"PLANTÃO DIURNO CÍVEL E CRIMINAL DA REGIÃO VIII";"G1, JE";"0";"0";;"0";"0";;"91";"1";"47";"91";"4";"1";"0";"0";"0 anos";;"0%";"1%"
"TJRN";86569;"NATAL";"RN";"PLANTÃO DIURNO CÍVEL E CRIMINAL DA REGIÃO X";"G1, JE";"0";"0";;"0";"0";;"163";"7";"47";"134";"2";"1";"0";"0";"0 anos";;"0%";"4%"
"TJRN";87823;"NATAL";"RN";" PLANTÃO 2º GRAU";"G2";"0";"0";;"0";"0";;"476";"0";"43";"397";"11";"64";"0";"0";"0 anos";;;"0%"
"TJRN";88244;"PARNAMIRIM";"RN";"4ª VARA CÍVEL DA COMARCA DE PARNAMIRIM";"G1";"0";"0";;"0";"0";;"0";"15";"0";"0";"0";"0";"0";"0";;;"0%";
